{
    "epoch": 3.0,
    "eval_bleu": 8.8182,
    "eval_chrf": 45.1535,
    "eval_gen_len": 46.1264,
    "eval_loss": 2.2300398349761963,
    "eval_runtime": 544.012,
    "eval_samples": 997,
    "eval_samples_per_second": 1.833,
    "eval_steps_per_second": 0.23,
    "predict_bleu": 8.9661,
    "predict_chrf": 44.7923,
    "predict_gen_len": 48.3152,
    "predict_loss": 2.274768590927124,
    "predict_runtime": 601.5967,
    "predict_samples": 1012,
    "predict_samples_per_second": 1.682,
    "predict_steps_per_second": 0.211,
    "total_flos": 5115698021916672.0,
    "train_loss": 2.6645616879979444,
    "train_runtime": 4468.3602,
    "train_samples": 13737,
    "train_samples_per_second": 9.223,
    "train_steps_per_second": 1.153
}