{
    "epoch": 3.0,
    "eval_bleu": 7.8131,
    "eval_chrf": 42.0905,
    "eval_gen_len": 45.6279,
    "eval_loss": 2.3461077213287354,
    "eval_runtime": 577.5835,
    "eval_samples": 997,
    "eval_samples_per_second": 1.726,
    "eval_steps_per_second": 0.216,
    "predict_bleu": 7.3146,
    "predict_chrf": 41.4494,
    "predict_gen_len": 46.5761,
    "predict_loss": 2.3736226558685303,
    "predict_runtime": 602.9594,
    "predict_samples": 1012,
    "predict_samples_per_second": 1.678,
    "predict_steps_per_second": 0.211,
    "total_flos": 6868130121252864.0,
    "train_loss": 3.062412363688151,
    "train_runtime": 9249.7077,
    "train_samples": 32000,
    "train_samples_per_second": 10.379,
    "train_steps_per_second": 1.297
}