{
    "epoch": 3.0,
    "eval_bleu": 9.9913,
    "eval_chrf": 46.8739,
    "eval_gen_len": 45.8556,
    "eval_loss": 2.0915884971618652,
    "eval_runtime": 546.8161,
    "eval_samples": 997,
    "eval_samples_per_second": 1.823,
    "eval_steps_per_second": 0.229,
    "predict_bleu": 9.8858,
    "predict_chrf": 47.0168,
    "predict_gen_len": 47.0109,
    "predict_loss": 2.121694326400757,
    "predict_runtime": 569.1094,
    "predict_samples": 1012,
    "predict_samples_per_second": 1.778,
    "predict_steps_per_second": 0.223,
    "total_flos": 7187998146625536.0,
    "train_loss": 2.602847595439403,
    "train_runtime": 6843.2215,
    "train_samples": 21737,
    "train_samples_per_second": 9.529,
    "train_steps_per_second": 1.192
}