{
    "epoch": 3.0,
    "eval_bleu": 2.2582,
    "eval_chrf": 20.7278,
    "eval_gen_len": 60.2548,
    "eval_loss": 3.940723419189453,
    "eval_runtime": 805.7855,
    "eval_samples": 997,
    "eval_samples_per_second": 1.237,
    "eval_steps_per_second": 0.155,
    "predict_bleu": 1.7483,
    "predict_chrf": 19.7319,
    "predict_gen_len": 62.4654,
    "predict_loss": 3.9918417930603027,
    "predict_runtime": 851.3781,
    "predict_samples": 1012,
    "predict_samples_per_second": 1.189,
    "predict_steps_per_second": 0.149,
    "total_flos": 230221002964992.0,
    "train_loss": 3.7776920572916666,
    "train_runtime": 293.907,
    "train_samples": 1000,
    "train_samples_per_second": 10.207,
    "train_steps_per_second": 1.276
}