{
    "epoch": 3.0,
    "eval_bleu": 9.0027,
    "eval_chrf": 45.3705,
    "eval_gen_len": 44.2899,
    "eval_loss": 2.225309133529663,
    "eval_runtime": 523.3528,
    "eval_samples": 997,
    "eval_samples_per_second": 1.905,
    "eval_steps_per_second": 0.239,
    "predict_bleu": 8.6827,
    "predict_chrf": 44.8391,
    "predict_gen_len": 45.8775,
    "predict_loss": 2.2489302158355713,
    "predict_runtime": 574.7704,
    "predict_samples": 1012,
    "predict_samples_per_second": 1.761,
    "predict_steps_per_second": 0.221,
    "total_flos": 7206875659370496.0,
    "train_loss": 2.6546100006103517,
    "train_runtime": 9194.1621,
    "train_samples": 32000,
    "train_samples_per_second": 10.441,
    "train_steps_per_second": 1.305
}