{
    "epoch": 3.0,
    "eval_bleu": 3.3998,
    "eval_chrf": 25.2194,
    "eval_gen_len": 50.0592,
    "eval_loss": 3.6859493255615234,
    "eval_runtime": 639.8917,
    "eval_samples": 997,
    "eval_samples_per_second": 1.558,
    "eval_steps_per_second": 0.195,
    "predict_bleu": 2.9101,
    "predict_chrf": 24.5707,
    "predict_gen_len": 51.6117,
    "predict_loss": 3.7267823219299316,
    "predict_runtime": 694.2314,
    "predict_samples": 1012,
    "predict_samples_per_second": 1.458,
    "predict_steps_per_second": 0.183,
    "total_flos": 448692235665408.0,
    "train_loss": 3.6549567057291665,
    "train_runtime": 583.4255,
    "train_samples": 2000,
    "train_samples_per_second": 10.284,
    "train_steps_per_second": 1.286
}