{
    "epoch": 3.0,
    "eval_bleu": 2.8959,
    "eval_chrf": 23.4902,
    "eval_gen_len": 53.0481,
    "eval_loss": 3.789259910583496,
    "eval_runtime": 726.0076,
    "eval_samples": 997,
    "eval_samples_per_second": 1.373,
    "eval_steps_per_second": 0.172,
    "predict_bleu": 2.1395,
    "predict_chrf": 21.9348,
    "predict_gen_len": 55.5642,
    "predict_loss": 3.8459055423736572,
    "predict_runtime": 777.433,
    "predict_samples": 1012,
    "predict_samples_per_second": 1.302,
    "predict_steps_per_second": 0.163,
    "total_flos": 424667849490432.0,
    "train_loss": 3.8362163899739583,
    "train_runtime": 581.5182,
    "train_samples": 2000,
    "train_samples_per_second": 10.318,
    "train_steps_per_second": 1.29
}