{
    "epoch": 3.0,
    "eval_bleu": 4.7988,
    "eval_chrf": 33.0758,
    "eval_gen_len": 47.663,
    "eval_loss": 3.0412986278533936,
    "eval_runtime": 597.9943,
    "eval_samples": 997,
    "eval_samples_per_second": 1.667,
    "eval_steps_per_second": 0.209,
    "predict_bleu": 4.1752,
    "predict_chrf": 31.8262,
    "predict_gen_len": 51.169,
    "predict_loss": 3.1075901985168457,
    "predict_runtime": 685.5956,
    "predict_samples": 1012,
    "predict_samples_per_second": 1.476,
    "predict_steps_per_second": 0.185,
    "total_flos": 1731652021125120.0,
    "train_loss": 3.5085235595703126,
    "train_runtime": 2312.8021,
    "train_samples": 8000,
    "train_samples_per_second": 10.377,
    "train_steps_per_second": 1.297
}