{
    "epoch": 3.0,
    "eval_bleu": 6.9138,
    "eval_chrf": 40.2587,
    "eval_gen_len": 47.6359,
    "eval_loss": 2.546938896179199,
    "eval_runtime": 608.297,
    "eval_samples": 997,
    "eval_samples_per_second": 1.639,
    "eval_steps_per_second": 0.205,
    "predict_bleu": 6.614,
    "predict_chrf": 39.8583,
    "predict_gen_len": 48.8903,
    "predict_loss": 2.5756707191467285,
    "predict_runtime": 627.3974,
    "predict_samples": 1012,
    "predict_samples_per_second": 1.613,
    "predict_steps_per_second": 0.202,
    "total_flos": 3573572419387392.0,
    "train_loss": 2.9098065592447915,
    "train_runtime": 4599.3282,
    "train_samples": 16000,
    "train_samples_per_second": 10.436,
    "train_steps_per_second": 1.305
}