{
    "epoch": 3.0,
    "eval_bleu": 11.0151,
    "eval_chrf": 49.4009,
    "eval_gen_len": 44.4674,
    "eval_loss": 1.9367824792861938,
    "eval_runtime": 510.4808,
    "eval_samples": 997,
    "eval_samples_per_second": 1.953,
    "eval_steps_per_second": 0.245,
    "predict_bleu": 11.0822,
    "predict_chrf": 49.0115,
    "predict_gen_len": 46.0257,
    "predict_loss": 1.9606575965881348,
    "predict_runtime": 557.9588,
    "predict_samples": 1012,
    "predict_samples_per_second": 1.814,
    "predict_steps_per_second": 0.228,
    "total_flos": 1.1020275026829312e+16,
    "train_loss": 2.488215637422642,
    "train_runtime": 11524.8421,
    "train_samples": 37737,
    "train_samples_per_second": 9.823,
    "train_steps_per_second": 1.228
}