{
    "epoch": 3.0,
    "eval_bleu": 5.15,
    "eval_chrf": 34.9965,
    "eval_gen_len": 48.4403,
    "eval_loss": 2.9220306873321533,
    "eval_runtime": 615.1505,
    "eval_samples": 997,
    "eval_samples_per_second": 1.621,
    "eval_steps_per_second": 0.203,
    "predict_bleu": 4.6125,
    "predict_chrf": 34.065,
    "predict_gen_len": 50.5524,
    "predict_loss": 2.964658737182617,
    "predict_runtime": 657.1357,
    "predict_samples": 1012,
    "predict_samples_per_second": 1.54,
    "predict_steps_per_second": 0.193,
    "total_flos": 1790553246990336.0,
    "train_loss": 3.1828255615234373,
    "train_runtime": 2296.7279,
    "train_samples": 8000,
    "train_samples_per_second": 10.45,
    "train_steps_per_second": 1.306
}