{
    "epoch": 3.0,
    "eval_bleu": 7.5352,
    "eval_chrf": 42.1375,
    "eval_gen_len": 47.2618,
    "eval_loss": 2.467747449874878,
    "eval_runtime": 564.4594,
    "eval_samples": 997,
    "eval_samples_per_second": 1.766,
    "eval_steps_per_second": 0.221,
    "predict_bleu": 7.1894,
    "predict_chrf": 41.8942,
    "predict_gen_len": 48.6166,
    "predict_loss": 2.5076076984405518,
    "predict_runtime": 603.7851,
    "predict_samples": 1012,
    "predict_samples_per_second": 1.676,
    "predict_steps_per_second": 0.21,
    "total_flos": 3035844775796736.0,
    "train_loss": 2.6512643852550646,
    "train_runtime": 2339.3245,
    "train_samples": 6737,
    "train_samples_per_second": 8.64,
    "train_steps_per_second": 1.081
}