{
    "epoch": 3.0,
    "eval_bleu": 1.8897,
    "eval_chrf": 20.7152,
    "eval_gen_len": 58.2909,
    "eval_loss": 4.060876369476318,
    "eval_runtime": 811.0956,
    "eval_samples": 997,
    "eval_samples_per_second": 1.229,
    "eval_steps_per_second": 0.154,
    "predict_bleu": 1.7561,
    "predict_chrf": 19.5618,
    "predict_gen_len": 61.0771,
    "predict_loss": 4.1061530113220215,
    "predict_runtime": 846.7039,
    "predict_samples": 1012,
    "predict_samples_per_second": 1.195,
    "predict_steps_per_second": 0.15,
    "total_flos": 209311829655552.0,
    "train_loss": 3.9512229817708335,
    "train_runtime": 292.384,
    "train_samples": 1000,
    "train_samples_per_second": 10.26,
    "train_steps_per_second": 1.283
}