{
    "epoch": 3.0,
    "eval_bleu": 8.0342,
    "eval_chrf": 43.2791,
    "eval_gen_len": 46.7513,
    "eval_loss": 2.3421778678894043,
    "eval_runtime": 552.6971,
    "eval_samples": 997,
    "eval_samples_per_second": 1.804,
    "eval_steps_per_second": 0.226,
    "predict_bleu": 7.8014,
    "predict_chrf": 43.4225,
    "predict_gen_len": 48.4536,
    "predict_loss": 2.383671760559082,
    "predict_runtime": 598.8624,
    "predict_samples": 1012,
    "predict_samples_per_second": 1.69,
    "predict_steps_per_second": 0.212,
    "total_flos": 3991099828518912.0,
    "train_loss": 2.681748238298889,
    "train_runtime": 3263.0327,
    "train_samples": 9737,
    "train_samples_per_second": 8.952,
    "train_steps_per_second": 1.12
}