{
    "epoch": 3.0,
    "eval_bleu": 3.522,
    "eval_chrf": 26.9925,
    "eval_gen_len": 50.3751,
    "eval_loss": 3.4474878311157227,
    "eval_runtime": 662.5311,
    "eval_samples": 997,
    "eval_samples_per_second": 1.505,
    "eval_steps_per_second": 0.189,
    "predict_bleu": 3.0754,
    "predict_chrf": 26.7476,
    "predict_gen_len": 52.5415,
    "predict_loss": 3.502696990966797,
    "predict_runtime": 703.5606,
    "predict_samples": 1012,
    "predict_samples_per_second": 1.438,
    "predict_steps_per_second": 0.181,
    "total_flos": 852704869416960.0,
    "train_loss": 3.7116044921875,
    "train_runtime": 1145.8227,
    "train_samples": 4000,
    "train_samples_per_second": 10.473,
    "train_steps_per_second": 1.309
}