{
    "epoch": 3.0,
    "eval_bleu": 7.6748,
    "eval_chrf": 42.5391,
    "eval_gen_len": 46.9438,
    "eval_loss": 2.4188241958618164,
    "eval_runtime": 547.4231,
    "eval_samples": 997,
    "eval_samples_per_second": 1.821,
    "eval_steps_per_second": 0.228,
    "predict_bleu": 7.5681,
    "predict_chrf": 42.4477,
    "predict_gen_len": 48.6729,
    "predict_loss": 2.470245599746704,
    "predict_runtime": 593.9464,
    "predict_samples": 1012,
    "predict_samples_per_second": 1.704,
    "predict_steps_per_second": 0.214,
    "total_flos": 3370019077644288.0,
    "train_loss": 2.6706168645012807,
    "train_runtime": 2636.2447,
    "train_samples": 7737,
    "train_samples_per_second": 8.805,
    "train_steps_per_second": 1.102
}