{
    "epoch": 3.0,
    "eval_bleu": 7.5246,
    "eval_chrf": 42.4029,
    "eval_gen_len": 46.5607,
    "eval_loss": 2.5331177711486816,
    "eval_runtime": 529.2895,
    "eval_samples": 997,
    "eval_samples_per_second": 1.884,
    "eval_steps_per_second": 0.236,
    "predict_bleu": 7.4115,
    "predict_chrf": 42.1132,
    "predict_gen_len": 48.3409,
    "predict_loss": 2.5711026191711426,
    "predict_runtime": 578.9678,
    "predict_samples": 1012,
    "predict_samples_per_second": 1.748,
    "predict_steps_per_second": 0.219,
    "total_flos": 2681980296978432.0,
    "train_loss": 2.6262741584742413,
    "train_runtime": 2009.792,
    "train_samples": 5737,
    "train_samples_per_second": 8.564,
    "train_steps_per_second": 1.072
}