{
    "epoch": 3.0,
    "eval_bleu": 3.4902,
    "eval_chrf": 27.4526,
    "eval_gen_len": 52.8977,
    "eval_loss": 3.294872522354126,
    "eval_runtime": 709.3704,
    "eval_samples": 997,
    "eval_samples_per_second": 1.405,
    "eval_steps_per_second": 0.176,
    "predict_bleu": 3.0383,
    "predict_chrf": 26.7978,
    "predict_gen_len": 54.3814,
    "predict_loss": 3.356015920639038,
    "predict_runtime": 733.0211,
    "predict_samples": 1012,
    "predict_samples_per_second": 1.381,
    "predict_steps_per_second": 0.173,
    "total_flos": 909489782194176.0,
    "train_loss": 3.437972249348958,
    "train_runtime": 1146.6712,
    "train_samples": 4000,
    "train_samples_per_second": 10.465,
    "train_steps_per_second": 1.308
}