{
    "epoch": 3.0,
    "eval_bleu": 6.3626,
    "eval_chrf": 37.5336,
    "eval_gen_len": 46.4764,
    "eval_loss": 2.6727354526519775,
    "eval_runtime": 562.36,
    "eval_samples": 997,
    "eval_samples_per_second": 1.773,
    "eval_steps_per_second": 0.222,
    "predict_bleu": 5.4113,
    "predict_chrf": 36.3241,
    "predict_gen_len": 48.9852,
    "predict_loss": 2.717621326446533,
    "predict_runtime": 632.906,
    "predict_samples": 1012,
    "predict_samples_per_second": 1.599,
    "predict_steps_per_second": 0.201,
    "total_flos": 3432524384698368.0,
    "train_loss": 3.278707702636719,
    "train_runtime": 4611.0061,
    "train_samples": 16000,
    "train_samples_per_second": 10.41,
    "train_steps_per_second": 1.301
}