{
    "epoch": 3.0,
    "eval_bleu": 4.8345,
    "eval_chrf": 24.3099,
    "eval_gen_len": 74.2367,
    "eval_loss": 2.7030422687530518,
    "eval_runtime": 964.3412,
    "eval_samples": 997,
    "eval_samples_per_second": 1.034,
    "eval_steps_per_second": 0.13,
    "predict_bleu": 4.3905,
    "predict_chrf": 23.6361,
    "predict_gen_len": 76.1502,
    "predict_loss": 2.7130496501922607,
    "predict_runtime": 1009.0341,
    "predict_samples": 1012,
    "predict_samples_per_second": 1.003,
    "predict_steps_per_second": 0.126,
    "total_flos": 4112690480676864.0,
    "train_loss": 2.267862375895182,
    "train_runtime": 4890.6763,
    "train_samples": 16000,
    "train_samples_per_second": 9.815,
    "train_steps_per_second": 1.227
}