{
    "epoch": 3.0,
    "eval_bleu": 5.5665,
    "eval_chrf": 26.3202,
    "eval_gen_len": 62.3511,
    "eval_loss": 2.6925606727600098,
    "eval_runtime": 834.9558,
    "eval_samples": 997,
    "eval_samples_per_second": 1.194,
    "eval_steps_per_second": 0.15,
    "predict_bleu": 4.8382,
    "predict_chrf": 26.1625,
    "predict_gen_len": 63.9625,
    "predict_loss": 2.715576648712158,
    "predict_runtime": 884.6501,
    "predict_samples": 1012,
    "predict_samples_per_second": 1.144,
    "predict_steps_per_second": 0.144,
    "total_flos": 3509699974078464.0,
    "train_loss": 2.191567022889376,
    "train_runtime": 2889.4287,
    "train_samples": 9003,
    "train_samples_per_second": 9.348,
    "train_steps_per_second": 1.169
}