{
    "epoch": 3.0,
    "eval_bleu": 2.9505,
    "eval_chrf": 16.2432,
    "eval_gen_len": 89.1585,
    "eval_loss": 3.131577968597412,
    "eval_runtime": 1028.8128,
    "eval_samples": 997,
    "eval_samples_per_second": 0.969,
    "eval_steps_per_second": 0.121,
    "predict_bleu": 2.1997,
    "predict_chrf": 15.8205,
    "predict_gen_len": 90.3113,
    "predict_loss": 3.1363751888275146,
    "predict_runtime": 1050.4075,
    "predict_samples": 1012,
    "predict_samples_per_second": 0.963,
    "predict_steps_per_second": 0.121,
    "total_flos": 1071430059687936.0,
    "train_loss": 2.591392252604167,
    "train_runtime": 1202.5754,
    "train_samples": 4000,
    "train_samples_per_second": 9.979,
    "train_steps_per_second": 1.247
}