{
    "epoch": 3.0,
    "eval_bleu": 1.7702,
    "eval_chrf": 11.9626,
    "eval_gen_len": 87.4363,
    "eval_loss": 3.4288692474365234,
    "eval_runtime": 1035.4747,
    "eval_samples": 997,
    "eval_samples_per_second": 0.963,
    "eval_steps_per_second": 0.121,
    "predict_bleu": 1.5605,
    "predict_chrf": 11.9885,
    "predict_gen_len": 89.4713,
    "predict_loss": 3.4274020195007324,
    "predict_runtime": 1064.2011,
    "predict_samples": 1012,
    "predict_samples_per_second": 0.951,
    "predict_steps_per_second": 0.119,
    "total_flos": 516278810443776.0,
    "train_loss": 3.123051920572917,
    "train_runtime": 625.5774,
    "train_samples": 2000,
    "train_samples_per_second": 9.591,
    "train_steps_per_second": 1.199
}