{
    "epoch": 3.0,
    "eval_bleu": 2.2103,
    "eval_chrf": 12.4218,
    "eval_gen_len": 95.6219,
    "eval_loss": 3.142782688140869,
    "eval_runtime": 1045.301,
    "eval_samples": 997,
    "eval_samples_per_second": 0.954,
    "eval_steps_per_second": 0.12,
    "predict_bleu": 1.8279,
    "predict_chrf": 12.2704,
    "predict_gen_len": 97.9792,
    "predict_loss": 3.150306463241577,
    "predict_runtime": 1084.4937,
    "predict_samples": 1012,
    "predict_samples_per_second": 0.933,
    "predict_steps_per_second": 0.117,
    "total_flos": 1054736582049792.0,
    "train_loss": 2.814445231119792,
    "train_runtime": 1235.1248,
    "train_samples": 4000,
    "train_samples_per_second": 9.716,
    "train_steps_per_second": 1.214
}