{
    "epoch": 3.0,
    "eval_bleu": 7.0704,
    "eval_chrf": 30.115,
    "eval_gen_len": 62.992,
    "eval_loss": 2.3897221088409424,
    "eval_runtime": 849.8619,
    "eval_samples": 997,
    "eval_samples_per_second": 1.173,
    "eval_steps_per_second": 0.147,
    "predict_bleu": 6.6518,
    "predict_chrf": 29.4468,
    "predict_gen_len": 65.7134,
    "predict_loss": 2.4153048992156982,
    "predict_runtime": 925.7065,
    "predict_samples": 1012,
    "predict_samples_per_second": 1.093,
    "predict_steps_per_second": 0.137,
    "total_flos": 1.133974518534144e+16,
    "train_loss": 1.7814231176578375,
    "train_runtime": 11556.078,
    "train_samples": 37003,
    "train_samples_per_second": 9.606,
    "train_steps_per_second": 1.201
}