{
    "epoch": 3.0,
    "eval_bleu": 1.9926,
    "eval_chrf": 13.333,
    "eval_gen_len": 88.2016,
    "eval_loss": 3.3858022689819336,
    "eval_runtime": 1012.7264,
    "eval_samples": 997,
    "eval_samples_per_second": 0.984,
    "eval_steps_per_second": 0.123,
    "predict_bleu": 1.7018,
    "predict_chrf": 13.1558,
    "predict_gen_len": 90.8755,
    "predict_loss": 3.383727550506592,
    "predict_runtime": 1049.7716,
    "predict_samples": 1012,
    "predict_samples_per_second": 0.964,
    "predict_steps_per_second": 0.121,
    "total_flos": 529027480485888.0,
    "train_loss": 2.9541886393229166,
    "train_runtime": 611.123,
    "train_samples": 2000,
    "train_samples_per_second": 9.818,
    "train_steps_per_second": 1.227
}