{
    "epoch": 3.0,
    "eval_bleu": 1.1021,
    "eval_chrf": 9.0797,
    "eval_gen_len": 92.9157,
    "eval_loss": 3.734143018722534,
    "eval_runtime": 1036.9551,
    "eval_samples": 997,
    "eval_samples_per_second": 0.961,
    "eval_steps_per_second": 0.121,
    "predict_bleu": 1.1423,
    "predict_chrf": 9.1581,
    "predict_gen_len": 95.3399,
    "predict_loss": 3.7254528999328613,
    "predict_runtime": 1079.1739,
    "predict_samples": 1012,
    "predict_samples_per_second": 0.938,
    "predict_steps_per_second": 0.118,
    "total_flos": 263624888745984.0,
    "train_loss": 3.453349609375,
    "train_runtime": 314.0071,
    "train_samples": 1000,
    "train_samples_per_second": 9.554,
    "train_steps_per_second": 1.194
}