{
    "epoch": 3.0,
    "eval_bleu": 5.3507,
    "eval_chrf": 24.9265,
    "eval_gen_len": 76.1906,
    "eval_loss": 2.737065315246582,
    "eval_runtime": 971.5397,
    "eval_samples": 997,
    "eval_samples_per_second": 1.026,
    "eval_steps_per_second": 0.129,
    "predict_bleu": 4.895,
    "predict_chrf": 24.6959,
    "predict_gen_len": 74.9802,
    "predict_loss": 2.766709327697754,
    "predict_runtime": 990.8136,
    "predict_samples": 1012,
    "predict_samples_per_second": 1.021,
    "predict_steps_per_second": 0.128,
    "total_flos": 4246729286418432.0,
    "train_loss": 1.996074717203776,
    "train_runtime": 4852.0334,
    "train_samples": 16000,
    "train_samples_per_second": 9.893,
    "train_steps_per_second": 1.237
}