{
    "epoch": 3.0,
    "eval_bleu": 6.2896,
    "eval_chrf": 27.9127,
    "eval_gen_len": 62.1254,
    "eval_loss": 2.610015630722046,
    "eval_runtime": 828.6195,
    "eval_samples": 997,
    "eval_samples_per_second": 1.203,
    "eval_steps_per_second": 0.151,
    "predict_bleu": 5.9716,
    "predict_chrf": 27.7193,
    "predict_gen_len": 64.081,
    "predict_loss": 2.632249355316162,
    "predict_runtime": 886.7842,
    "predict_samples": 1012,
    "predict_samples_per_second": 1.141,
    "predict_steps_per_second": 0.143,
    "total_flos": 4677329161494528.0,
    "train_loss": 2.119763301209672,
    "train_runtime": 4152.198,
    "train_samples": 13003,
    "train_samples_per_second": 9.395,
    "train_steps_per_second": 1.175
}