{
    "epoch": 3.0,
    "eval_bleu": 3.1506,
    "eval_chrf": 18.2419,
    "eval_gen_len": 87.1434,
    "eval_loss": 2.900749683380127,
    "eval_runtime": 1038.1112,
    "eval_samples": 997,
    "eval_samples_per_second": 0.96,
    "eval_steps_per_second": 0.12,
    "predict_bleu": 2.8004,
    "predict_chrf": 18.4441,
    "predict_gen_len": 87.5336,
    "predict_loss": 2.9140727519989014,
    "predict_runtime": 1052.5241,
    "predict_samples": 1012,
    "predict_samples_per_second": 0.961,
    "predict_steps_per_second": 0.121,
    "total_flos": 2084009685024768.0,
    "train_loss": 2.515818094889323,
    "train_runtime": 2449.5402,
    "train_samples": 8000,
    "train_samples_per_second": 9.798,
    "train_steps_per_second": 1.225
}