{
    "epoch": 3.0,
    "eval_bleu": 5.9926,
    "eval_chrf": 26.5609,
    "eval_gen_len": 71.5266,
    "eval_loss": 2.609722137451172,
    "eval_runtime": 939.5268,
    "eval_samples": 997,
    "eval_samples_per_second": 1.061,
    "eval_steps_per_second": 0.133,
    "predict_bleu": 5.7115,
    "predict_chrf": 26.8959,
    "predict_gen_len": 70.9753,
    "predict_loss": 2.6383657455444336,
    "predict_runtime": 953.8969,
    "predict_samples": 1012,
    "predict_samples_per_second": 1.061,
    "predict_steps_per_second": 0.133,
    "total_flos": 8481370192478208.0,
    "train_loss": 1.758819112141927,
    "train_runtime": 9705.8354,
    "train_samples": 32000,
    "train_samples_per_second": 9.891,
    "train_steps_per_second": 1.236
}