{
    "epoch": 3.0,
    "eval_bleu": 4.7269,
    "eval_chrf": 24.6833,
    "eval_gen_len": 59.2708,
    "eval_loss": 2.889068365097046,
    "eval_runtime": 793.9393,
    "eval_samples": 997,
    "eval_samples_per_second": 1.256,
    "eval_steps_per_second": 0.157,
    "predict_bleu": 4.0462,
    "predict_chrf": 24.1724,
    "predict_gen_len": 60.5919,
    "predict_loss": 2.907068967819214,
    "predict_runtime": 822.1884,
    "predict_samples": 1012,
    "predict_samples_per_second": 1.231,
    "predict_steps_per_second": 0.154,
    "total_flos": 2522221938278400.0,
    "train_loss": 2.206684286944664,
    "train_runtime": 2014.2742,
    "train_samples": 6003,
    "train_samples_per_second": 8.941,
    "train_steps_per_second": 1.119
}