{
    "epoch": 3.0,
    "eval_bleu": 5.3059,
    "eval_chrf": 25.6039,
    "eval_gen_len": 72.2768,
    "eval_loss": 2.5638041496276855,
    "eval_runtime": 950.8368,
    "eval_samples": 997,
    "eval_samples_per_second": 1.049,
    "eval_steps_per_second": 0.131,
    "predict_bleu": 4.9884,
    "predict_chrf": 25.407,
    "predict_gen_len": 72.503,
    "predict_loss": 2.580185890197754,
    "predict_runtime": 984.233,
    "predict_samples": 1012,
    "predict_samples_per_second": 1.028,
    "predict_steps_per_second": 0.129,
    "total_flos": 8199240262090752.0,
    "train_loss": 2.0299232788085937,
    "train_runtime": 9770.256,
    "train_samples": 32000,
    "train_samples_per_second": 9.826,
    "train_steps_per_second": 1.228
}