{
    "epoch": 3.0,
    "eval_bleu": 6.6211,
    "eval_chrf": 28.4805,
    "eval_gen_len": 64.2758,
    "eval_loss": 2.4887218475341797,
    "eval_runtime": 890.0076,
    "eval_samples": 997,
    "eval_samples_per_second": 1.12,
    "eval_steps_per_second": 0.14,
    "predict_bleu": 6.2488,
    "predict_chrf": 28.9758,
    "predict_gen_len": 64.663,
    "predict_loss": 2.5250985622406006,
    "predict_runtime": 905.2691,
    "predict_samples": 1012,
    "predict_samples_per_second": 1.118,
    "predict_steps_per_second": 0.14,
    "total_flos": 6958748531367936.0,
    "train_loss": 1.9667131434118847,
    "train_runtime": 6621.5236,
    "train_samples": 21003,
    "train_samples_per_second": 9.516,
    "train_steps_per_second": 1.19
}