{
    "epoch": 3.0,
    "eval_bleu": 3.9174,
    "eval_chrf": 24.4352,
    "eval_gen_len": 54.9047,
    "eval_loss": 3.1149141788482666,
    "eval_runtime": 702.048,
    "eval_samples": 997,
    "eval_samples_per_second": 1.42,
    "eval_steps_per_second": 0.178,
    "predict_bleu": 3.5708,
    "predict_chrf": 24.4753,
    "predict_gen_len": 55.1067,
    "predict_loss": 3.1154284477233887,
    "predict_runtime": 723.0511,
    "predict_samples": 1012,
    "predict_samples_per_second": 1.4,
    "predict_steps_per_second": 0.176,
    "total_flos": 2182333591093248.0,
    "train_loss": 2.16518235536683,
    "train_runtime": 1631.5273,
    "train_samples": 5003,
    "train_samples_per_second": 9.199,
    "train_steps_per_second": 1.151
}