{
    "epoch": 3.0,
    "eval_bleu": 4.6787,
    "eval_chrf": 25.3833,
    "eval_gen_len": 60.7061,
    "eval_loss": 2.8030450344085693,
    "eval_runtime": 806.6095,
    "eval_samples": 997,
    "eval_samples_per_second": 1.236,
    "eval_steps_per_second": 0.155,
    "predict_bleu": 4.191,
    "predict_chrf": 25.3901,
    "predict_gen_len": 61.8874,
    "predict_loss": 2.820704221725464,
    "predict_runtime": 840.9457,
    "predict_samples": 1012,
    "predict_samples_per_second": 1.203,
    "predict_steps_per_second": 0.151,
    "total_flos": 2858114686353408.0,
    "train_loss": 2.2092516302518104,
    "train_runtime": 2276.412,
    "train_samples": 7003,
    "train_samples_per_second": 9.229,
    "train_steps_per_second": 1.154
}