{
    "epoch": 3.0,
    "eval_bleu": 4.724,
    "eval_chrf": 23.7726,
    "eval_gen_len": 77.2738,
    "eval_loss": 2.9198427200317383,
    "eval_runtime": 972.0359,
    "eval_samples": 997,
    "eval_samples_per_second": 1.026,
    "eval_steps_per_second": 0.129,
    "predict_bleu": 4.262,
    "predict_chrf": 23.3838,
    "predict_gen_len": 78.7757,
    "predict_loss": 2.9412624835968018,
    "predict_runtime": 1023.6234,
    "predict_samples": 1012,
    "predict_samples_per_second": 0.989,
    "predict_steps_per_second": 0.124,
    "total_flos": 2107458434039808.0,
    "train_loss": 2.293981465657552,
    "train_runtime": 2456.694,
    "train_samples": 8000,
    "train_samples_per_second": 9.769,
    "train_steps_per_second": 1.221
}