{
    "epoch": 3.0,
    "eval_bleu": 1.4049,
    "eval_chrf": 10.5715,
    "eval_gen_len": 90.7613,
    "eval_loss": 3.683485746383667,
    "eval_runtime": 1015.1648,
    "eval_samples": 997,
    "eval_samples_per_second": 0.982,
    "eval_steps_per_second": 0.123,
    "predict_bleu": 1.3099,
    "predict_chrf": 10.453,
    "predict_gen_len": 91.1443,
    "predict_loss": 3.681741714477539,
    "predict_runtime": 1045.9645,
    "predict_samples": 1012,
    "predict_samples_per_second": 0.968,
    "predict_steps_per_second": 0.121,
    "total_flos": 256480215760896.0,
    "train_loss": 3.3387919921875,
    "train_runtime": 304.2838,
    "train_samples": 1000,
    "train_samples_per_second": 9.859,
    "train_steps_per_second": 1.232
}