{
    "epoch": 3.0,
    "eval_bleu": 10.4539,
    "eval_chrf": 33.0929,
    "eval_gen_len": 47.9238,
    "eval_loss": 3.0603415966033936,
    "eval_runtime": 588.7579,
    "eval_samples": 997,
    "eval_samples_per_second": 1.693,
    "eval_steps_per_second": 0.212,
    "predict_bleu": 10.3958,
    "predict_chrf": 32.3445,
    "predict_gen_len": 49.9783,
    "predict_loss": 3.004758358001709,
    "predict_runtime": 648.1701,
    "predict_samples": 1012,
    "predict_samples_per_second": 1.561,
    "predict_steps_per_second": 0.196,
    "total_flos": 1868027236515840.0,
    "train_loss": 2.2245896809895833,
    "train_runtime": 2366.0867,
    "train_samples": 8000,
    "train_samples_per_second": 10.143,
    "train_steps_per_second": 1.268
}