{
    "epoch": 3.0,
    "eval_bleu": 12.368,
    "eval_chrf": 38.0412,
    "eval_gen_len": 45.5356,
    "eval_loss": 2.5477168560028076,
    "eval_runtime": 530.6813,
    "eval_samples": 997,
    "eval_samples_per_second": 1.879,
    "eval_steps_per_second": 0.236,
    "predict_bleu": 12.3855,
    "predict_chrf": 37.9643,
    "predict_gen_len": 48.669,
    "predict_loss": 2.525110960006714,
    "predict_runtime": 604.4269,
    "predict_samples": 1012,
    "predict_samples_per_second": 1.674,
    "predict_steps_per_second": 0.21,
    "total_flos": 4587146711875584.0,
    "train_loss": 1.8759380173456102,
    "train_runtime": 4409.6927,
    "train_samples": 13998,
    "train_samples_per_second": 9.523,
    "train_steps_per_second": 1.191
}