{
    "epoch": 3.0,
    "eval_bleu": 13.0979,
    "eval_chrf": 39.1157,
    "eval_gen_len": 44.9649,
    "eval_loss": 2.5139734745025635,
    "eval_runtime": 522.3961,
    "eval_samples": 997,
    "eval_samples_per_second": 1.909,
    "eval_steps_per_second": 0.239,
    "predict_bleu": 13.3298,
    "predict_chrf": 38.9347,
    "predict_gen_len": 47.2905,
    "predict_loss": 2.4761362075805664,
    "predict_runtime": 569.4661,
    "predict_samples": 1012,
    "predict_samples_per_second": 1.777,
    "predict_steps_per_second": 0.223,
    "total_flos": 5625194048913408.0,
    "train_loss": 1.887209359628183,
    "train_runtime": 5629.9183,
    "train_samples": 17998,
    "train_samples_per_second": 9.591,
    "train_steps_per_second": 1.199
}