{
    "epoch": 3.0,
    "eval_bleu": 12.4136,
    "eval_chrf": 37.8353,
    "eval_gen_len": 45.8997,
    "eval_loss": 2.597029209136963,
    "eval_runtime": 543.1543,
    "eval_samples": 997,
    "eval_samples_per_second": 1.836,
    "eval_steps_per_second": 0.23,
    "predict_bleu": 12.3662,
    "predict_chrf": 37.8633,
    "predict_gen_len": 48.1423,
    "predict_loss": 2.5800507068634033,
    "predict_runtime": 578.4138,
    "predict_samples": 1012,
    "predict_samples_per_second": 1.75,
    "predict_steps_per_second": 0.22,
    "total_flos": 4062707398164480.0,
    "train_loss": 1.8500973171657986,
    "train_runtime": 3809.5883,
    "train_samples": 11998,
    "train_samples_per_second": 9.448,
    "train_steps_per_second": 1.181
}