{
    "epoch": 3.0,
    "eval_bleu": 6.0674,
    "eval_chrf": 24.1443,
    "eval_gen_len": 55.2818,
    "eval_loss": 3.5361952781677246,
    "eval_runtime": 717.6939,
    "eval_samples": 997,
    "eval_samples_per_second": 1.389,
    "eval_steps_per_second": 0.174,
    "predict_bleu": 6.2147,
    "predict_chrf": 23.6068,
    "predict_gen_len": 58.7055,
    "predict_loss": 3.4972455501556396,
    "predict_runtime": 796.5437,
    "predict_samples": 1012,
    "predict_samples_per_second": 1.27,
    "predict_steps_per_second": 0.159,
    "total_flos": 487513882951680.0,
    "train_loss": 2.9728633626302083,
    "train_runtime": 617.7528,
    "train_samples": 2000,
    "train_samples_per_second": 9.713,
    "train_steps_per_second": 1.214
}