{
    "epoch": 3.0,
    "eval_bleu": 11.9203,
    "eval_chrf": 36.9465,
    "eval_gen_len": 44.6189,
    "eval_loss": 2.75199031829834,
    "eval_runtime": 524.2274,
    "eval_samples": 997,
    "eval_samples_per_second": 1.902,
    "eval_steps_per_second": 0.238,
    "predict_bleu": 12.0559,
    "predict_chrf": 36.1907,
    "predict_gen_len": 47.3291,
    "predict_loss": 2.690560817718506,
    "predict_runtime": 599.1162,
    "predict_samples": 1012,
    "predict_samples_per_second": 1.689,
    "predict_steps_per_second": 0.212,
    "total_flos": 7433795213918208.0,
    "train_loss": 2.3454115091959635,
    "train_runtime": 9661.229,
    "train_samples": 32000,
    "train_samples_per_second": 9.937,
    "train_steps_per_second": 1.242
}