{
    "epoch": 3.0,
    "eval_bleu": 5.2212,
    "eval_chrf": 22.5921,
    "eval_gen_len": 61.6078,
    "eval_loss": 3.6754238605499268,
    "eval_runtime": 800.2445,
    "eval_samples": 997,
    "eval_samples_per_second": 1.246,
    "eval_steps_per_second": 0.156,
    "predict_bleu": 5.6731,
    "predict_chrf": 22.2614,
    "predict_gen_len": 62.8577,
    "predict_loss": 3.639897346496582,
    "predict_runtime": 873.5631,
    "predict_samples": 1012,
    "predict_samples_per_second": 1.158,
    "predict_steps_per_second": 0.145,
    "total_flos": 237924382605312.0,
    "train_loss": 2.837861328125,
    "train_runtime": 302.8668,
    "train_samples": 1000,
    "train_samples_per_second": 9.905,
    "train_steps_per_second": 1.238
}