{
    "epoch": 3.0,
    "eval_bleu": 11.995,
    "eval_chrf": 37.6263,
    "eval_gen_len": 46.2367,
    "eval_loss": 2.6269826889038086,
    "eval_runtime": 543.9529,
    "eval_samples": 997,
    "eval_samples_per_second": 1.833,
    "eval_steps_per_second": 0.23,
    "predict_bleu": 11.6901,
    "predict_chrf": 37.3213,
    "predict_gen_len": 48.2915,
    "predict_loss": 2.6087400913238525,
    "predict_runtime": 585.4284,
    "predict_samples": 1012,
    "predict_samples_per_second": 1.729,
    "predict_steps_per_second": 0.217,
    "total_flos": 3804606086578176.0,
    "train_loss": 1.8253105357776989,
    "train_runtime": 3520.4584,
    "train_samples": 10998,
    "train_samples_per_second": 9.372,
    "train_steps_per_second": 1.172
}