{
    "epoch": 3.0,
    "eval_bleu": 9.2135,
    "eval_chrf": 30.8558,
    "eval_gen_len": 50.6951,
    "eval_loss": 3.095761775970459,
    "eval_runtime": 694.1057,
    "eval_samples": 997,
    "eval_samples_per_second": 1.436,
    "eval_steps_per_second": 0.18,
    "predict_bleu": 9.0445,
    "predict_chrf": 30.3721,
    "predict_gen_len": 52.2925,
    "predict_loss": 3.0598526000976562,
    "predict_runtime": 686.3723,
    "predict_samples": 1012,
    "predict_samples_per_second": 1.474,
    "predict_steps_per_second": 0.185,
    "total_flos": 1870041966575616.0,
    "train_loss": 2.636653015136719,
    "train_runtime": 2420.8358,
    "train_samples": 8000,
    "train_samples_per_second": 9.914,
    "train_steps_per_second": 1.239
}