{
    "epoch": 3.0,
    "eval_bleu": 10.9436,
    "eval_chrf": 34.5133,
    "eval_gen_len": 46.5807,
    "eval_loss": 2.9117791652679443,
    "eval_runtime": 571.2681,
    "eval_samples": 997,
    "eval_samples_per_second": 1.745,
    "eval_steps_per_second": 0.219,
    "predict_bleu": 10.8804,
    "predict_chrf": 33.9117,
    "predict_gen_len": 48.6986,
    "predict_loss": 2.861180543899536,
    "predict_runtime": 632.0346,
    "predict_samples": 1012,
    "predict_samples_per_second": 1.601,
    "predict_steps_per_second": 0.201,
    "total_flos": 3733227078746112.0,
    "train_loss": 2.4856826883951824,
    "train_runtime": 4837.3244,
    "train_samples": 16000,
    "train_samples_per_second": 9.923,
    "train_steps_per_second": 1.24
}