{
    "epoch": 3.0,
    "eval_bleu": 6.5663,
    "eval_chrf": 25.5598,
    "eval_gen_len": 53.1274,
    "eval_loss": 3.4732015132904053,
    "eval_runtime": 699.1054,
    "eval_samples": 997,
    "eval_samples_per_second": 1.426,
    "eval_steps_per_second": 0.179,
    "predict_bleu": 6.5941,
    "predict_chrf": 24.8874,
    "predict_gen_len": 55.4555,
    "predict_loss": 3.4383010864257812,
    "predict_runtime": 741.3356,
    "predict_samples": 1012,
    "predict_samples_per_second": 1.365,
    "predict_steps_per_second": 0.171,
    "total_flos": 477931217289216.0,
    "train_loss": 2.6409459635416668,
    "train_runtime": 601.4864,
    "train_samples": 2000,
    "train_samples_per_second": 9.975,
    "train_steps_per_second": 1.247
}