{
    "epoch": 3.0,
    "eval_bleu": 14.1235,
    "eval_chrf": 40.4925,
    "eval_gen_len": 44.6951,
    "eval_loss": 2.4115750789642334,
    "eval_runtime": 511.5494,
    "eval_samples": 997,
    "eval_samples_per_second": 1.949,
    "eval_steps_per_second": 0.244,
    "predict_bleu": 14.9561,
    "predict_chrf": 40.9978,
    "predict_gen_len": 46.8794,
    "predict_loss": 2.3646678924560547,
    "predict_runtime": 556.7051,
    "predict_samples": 1012,
    "predict_samples_per_second": 1.818,
    "predict_steps_per_second": 0.228,
    "total_flos": 1.133702572302336e+16,
    "train_loss": 1.8144459480406745,
    "train_runtime": 12730.2202,
    "train_samples": 41998,
    "train_samples_per_second": 9.897,
    "train_steps_per_second": 1.237
}