{
    "epoch": 3.0,
    "eval_bleu": 11.7413,
    "eval_chrf": 36.0724,
    "eval_gen_len": 45.2608,
    "eval_loss": 2.8823680877685547,
    "eval_runtime": 539.5233,
    "eval_samples": 997,
    "eval_samples_per_second": 1.848,
    "eval_steps_per_second": 0.232,
    "predict_bleu": 11.6773,
    "predict_chrf": 35.6025,
    "predict_gen_len": 47.9911,
    "predict_loss": 2.8296711444854736,
    "predict_runtime": 603.189,
    "predict_samples": 1012,
    "predict_samples_per_second": 1.678,
    "predict_steps_per_second": 0.211,
    "total_flos": 3707323406548992.0,
    "train_loss": 2.0475121053059895,
    "train_runtime": 4724.6882,
    "train_samples": 16000,
    "train_samples_per_second": 10.159,
    "train_steps_per_second": 1.27
}