{
    "epoch": 3.0,
    "eval_bleu": 7.7275,
    "eval_chrf": 28.1499,
    "eval_gen_len": 49.6871,
    "eval_loss": 3.32474684715271,
    "eval_runtime": 633.6473,
    "eval_samples": 997,
    "eval_samples_per_second": 1.573,
    "eval_steps_per_second": 0.197,
    "predict_bleu": 7.8122,
    "predict_chrf": 26.8317,
    "predict_gen_len": 52.3528,
    "predict_loss": 3.287554979324341,
    "predict_runtime": 701.1312,
    "predict_samples": 1012,
    "predict_samples_per_second": 1.443,
    "predict_steps_per_second": 0.181,
    "total_flos": 952577916665856.0,
    "train_loss": 2.812032389322917,
    "train_runtime": 1215.1117,
    "train_samples": 4000,
    "train_samples_per_second": 9.876,
    "train_steps_per_second": 1.234
}