{
    "epoch": 3.0,
    "eval_bleu": 13.4527,
    "eval_chrf": 39.9157,
    "eval_gen_len": 44.6299,
    "eval_loss": 2.458944320678711,
    "eval_runtime": 517.3684,
    "eval_samples": 997,
    "eval_samples_per_second": 1.927,
    "eval_steps_per_second": 0.242,
    "predict_bleu": 14.1809,
    "predict_chrf": 40.1988,
    "predict_gen_len": 47.0158,
    "predict_loss": 2.4138965606689453,
    "predict_runtime": 560.3977,
    "predict_samples": 1012,
    "predict_samples_per_second": 1.806,
    "predict_steps_per_second": 0.227,
    "total_flos": 7586097801609216.0,
    "train_loss": 1.8689543550931491,
    "train_runtime": 8011.2575,
    "train_samples": 25998,
    "train_samples_per_second": 9.736,
    "train_steps_per_second": 1.217
}