{
    "epoch": 3.0,
    "eval_bleu": 4.7485,
    "eval_chrf": 21.4809,
    "eval_gen_len": 58.7934,
    "eval_loss": 3.732482671737671,
    "eval_runtime": 794.1229,
    "eval_samples": 997,
    "eval_samples_per_second": 1.255,
    "eval_steps_per_second": 0.157,
    "predict_bleu": 4.7164,
    "predict_chrf": 20.6191,
    "predict_gen_len": 61.082,
    "predict_loss": 3.6996710300445557,
    "predict_runtime": 846.9665,
    "predict_samples": 1012,
    "predict_samples_per_second": 1.195,
    "predict_steps_per_second": 0.15,
    "total_flos": 226665596977152.0,
    "train_loss": 3.11934765625,
    "train_runtime": 308.2906,
    "train_samples": 1000,
    "train_samples_per_second": 9.731,
    "train_steps_per_second": 1.216
}