{
    "epoch": 3.0,
    "eval_bleu": 8.4748,
    "eval_chrf": 29.1282,
    "eval_gen_len": 51.7192,
    "eval_loss": 3.259615659713745,
    "eval_runtime": 673.2555,
    "eval_samples": 997,
    "eval_samples_per_second": 1.481,
    "eval_steps_per_second": 0.186,
    "predict_bleu": 8.2924,
    "predict_chrf": 28.002,
    "predict_gen_len": 54.663,
    "predict_loss": 3.2124998569488525,
    "predict_runtime": 746.016,
    "predict_samples": 1012,
    "predict_samples_per_second": 1.357,
    "predict_steps_per_second": 0.17,
    "total_flos": 935664342466560.0,
    "train_loss": 2.4225516357421877,
    "train_runtime": 1186.1838,
    "train_samples": 4000,
    "train_samples_per_second": 10.116,
    "train_steps_per_second": 1.265
}