{
    "epoch": 3.0,
    "eval_bleu": 12.748,
    "eval_chrf": 38.2061,
    "eval_gen_len": 45.2407,
    "eval_loss": 2.766181707382202,
    "eval_runtime": 531.8492,
    "eval_samples": 997,
    "eval_samples_per_second": 1.875,
    "eval_steps_per_second": 0.235,
    "predict_bleu": 13.5518,
    "predict_chrf": 38.0181,
    "predict_gen_len": 47.3686,
    "predict_loss": 2.6994833946228027,
    "predict_runtime": 575.6828,
    "predict_samples": 1012,
    "predict_samples_per_second": 1.758,
    "predict_steps_per_second": 0.221,
    "total_flos": 7326862146207744.0,
    "train_loss": 1.8933069712320965,
    "train_runtime": 9445.6749,
    "train_samples": 32000,
    "train_samples_per_second": 10.163,
    "train_steps_per_second": 1.27
}