{
    "epoch": 3.0,
    "eval_bleu": 10.9085,
    "eval_chrf": 36.6315,
    "eval_gen_len": 46.5416,
    "eval_loss": 2.6930415630340576,
    "eval_runtime": 560.1464,
    "eval_samples": 997,
    "eval_samples_per_second": 1.78,
    "eval_steps_per_second": 0.223,
    "predict_bleu": 11.1604,
    "predict_chrf": 36.6716,
    "predict_gen_len": 48.6779,
    "predict_loss": 2.677093267440796,
    "predict_runtime": 599.4249,
    "predict_samples": 1012,
    "predict_samples_per_second": 1.688,
    "predict_steps_per_second": 0.212,
    "total_flos": 3510049165737984.0,
    "train_loss": 1.7888252685546875,
    "train_runtime": 3227.096,
    "train_samples": 9998,
    "train_samples_per_second": 9.294,
    "train_steps_per_second": 1.162
}