{
    "epoch": 3.0,
    "eval_bleu": 5.8534,
    "eval_chrf": 25.9933,
    "eval_gen_len": 70.6389,
    "eval_loss": 3.386604070663452,
    "eval_runtime": 877.6727,
    "eval_samples": 997,
    "eval_samples_per_second": 1.136,
    "eval_steps_per_second": 0.142,
    "predict_bleu": 5.6505,
    "predict_chrf": 25.9848,
    "predict_gen_len": 72.3696,
    "predict_loss": 3.3416645526885986,
    "predict_runtime": 906.2541,
    "predict_samples": 1012,
    "predict_samples_per_second": 1.117,
    "predict_steps_per_second": 0.14,
    "total_flos": 3813689302351872.0,
    "train_loss": 1.8096517761580957,
    "train_runtime": 3429.602,
    "train_samples": 9746,
    "train_samples_per_second": 8.525,
    "train_steps_per_second": 1.066
}