{
    "epoch": 3.0,
    "eval_bleu": 9.1756,
    "eval_chrf": 35.7253,
    "eval_gen_len": 49.329,
    "eval_loss": 2.8955917358398438,
    "eval_runtime": 662.8787,
    "eval_samples": 997,
    "eval_samples_per_second": 1.504,
    "eval_steps_per_second": 0.189,
    "predict_bleu": 8.8999,
    "predict_chrf": 35.5147,
    "predict_gen_len": 50.3231,
    "predict_loss": 2.930835485458374,
    "predict_runtime": 686.3595,
    "predict_samples": 1012,
    "predict_samples_per_second": 1.474,
    "predict_steps_per_second": 0.185,
    "total_flos": 4086541316161536.0,
    "train_loss": 2.3842194429329546,
    "train_runtime": 2990.6298,
    "train_samples": 8665,
    "train_samples_per_second": 8.692,
    "train_steps_per_second": 1.087
}