{
    "epoch": 3.0,
    "eval_bleu": 5.5947,
    "eval_chrf": 26.3374,
    "eval_gen_len": 67.321,
    "eval_loss": 2.807018518447876,
    "eval_runtime": 828.2205,
    "eval_samples": 997,
    "eval_samples_per_second": 1.204,
    "eval_steps_per_second": 0.151,
    "predict_bleu": 6.0582,
    "predict_chrf": 26.0904,
    "predict_gen_len": 70.3034,
    "predict_loss": 2.796588659286499,
    "predict_runtime": 875.1021,
    "predict_samples": 1012,
    "predict_samples_per_second": 1.156,
    "predict_steps_per_second": 0.145,
    "total_flos": 6108970522951680.0,
    "train_loss": 2.0892033301192003,
    "train_runtime": 6147.6871,
    "train_samples": 17746,
    "train_samples_per_second": 8.66,
    "train_steps_per_second": 1.083
}