{
    "epoch": 3.0,
    "eval_bleu": 2.3235,
    "eval_chrf": 15.77,
    "eval_gen_len": 58.025,
    "eval_loss": 4.132252216339111,
    "eval_runtime": 340.2793,
    "eval_samples": 997,
    "eval_samples_per_second": 2.93,
    "eval_steps_per_second": 0.367,
    "predict_bleu": 2.0861,
    "predict_chrf": 15.4885,
    "predict_gen_len": 59.6949,
    "predict_loss": 4.10506010055542,
    "predict_runtime": 351.5291,
    "predict_samples": 1012,
    "predict_samples_per_second": 2.879,
    "predict_steps_per_second": 0.361,
    "total_flos": 435452607725568.0,
    "train_loss": 3.0679796549479166,
    "train_runtime": 621.4704,
    "train_samples": 2000,
    "train_samples_per_second": 9.655,
    "train_steps_per_second": 1.207
}