{
    "epoch": 3.0,
    "eval_bleu": 1.4961,
    "eval_chrf": 11.3544,
    "eval_gen_len": 79.3149,
    "eval_loss": 4.433223724365234,
    "eval_runtime": 957.4287,
    "eval_samples": 997,
    "eval_samples_per_second": 1.041,
    "eval_steps_per_second": 0.131,
    "predict_bleu": 1.3265,
    "predict_chrf": 11.1082,
    "predict_gen_len": 80.1126,
    "predict_loss": 4.423631191253662,
    "predict_runtime": 973.6719,
    "predict_samples": 1012,
    "predict_samples_per_second": 1.039,
    "predict_steps_per_second": 0.13,
    "total_flos": 225649766694912.0,
    "train_loss": 3.4256813151041667,
    "train_runtime": 306.581,
    "train_samples": 1000,
    "train_samples_per_second": 9.785,
    "train_steps_per_second": 1.223
}