{
    "epoch": 3.0,
    "eval_bleu": 2.7618,
    "eval_chrf": 18.1342,
    "eval_gen_len": 56.5607,
    "eval_loss": 3.6620535850524902,
    "eval_runtime": 749.3976,
    "eval_samples": 997,
    "eval_samples_per_second": 1.33,
    "eval_steps_per_second": 0.167,
    "predict_bleu": 2.3066,
    "predict_chrf": 17.146,
    "predict_gen_len": 59.6957,
    "predict_loss": 3.6324222087860107,
    "predict_runtime": 810.9692,
    "predict_samples": 1012,
    "predict_samples_per_second": 1.248,
    "predict_steps_per_second": 0.157,
    "total_flos": 1775976082440192.0,
    "train_loss": 2.7736311848958333,
    "train_runtime": 2426.8709,
    "train_samples": 8000,
    "train_samples_per_second": 9.889,
    "train_steps_per_second": 1.236
}