{
    "epoch": 3.0,
    "eval_bleu": 5.2887,
    "eval_chrf": 25.7263,
    "eval_gen_len": 63.7382,
    "eval_loss": 2.736774444580078,
    "eval_runtime": 800.5759,
    "eval_samples": 997,
    "eval_samples_per_second": 1.245,
    "eval_steps_per_second": 0.156,
    "predict_bleu": 5.6329,
    "predict_chrf": 25.5318,
    "predict_gen_len": 65.5741,
    "predict_loss": 2.726923942565918,
    "predict_runtime": 841.4396,
    "predict_samples": 1012,
    "predict_samples_per_second": 1.203,
    "predict_steps_per_second": 0.151,
    "total_flos": 8190432167018496.0,
    "train_loss": 2.1731026807383893,
    "train_runtime": 8688.0134,
    "train_samples": 25746,
    "train_samples_per_second": 8.89,
    "train_steps_per_second": 1.112
}