{
    "epoch": 3.0,
    "eval_bleu": 5.8126,
    "eval_chrf": 26.1944,
    "eval_gen_len": 69.1153,
    "eval_loss": 2.8838181495666504,
    "eval_runtime": 853.0408,
    "eval_samples": 997,
    "eval_samples_per_second": 1.169,
    "eval_steps_per_second": 0.147,
    "predict_bleu": 5.8362,
    "predict_chrf": 25.635,
    "predict_gen_len": 72.2115,
    "predict_loss": 2.874027967453003,
    "predict_runtime": 924.8109,
    "predict_samples": 1012,
    "predict_samples_per_second": 1.094,
    "predict_steps_per_second": 0.137,
    "total_flos": 4999095519707136.0,
    "train_loss": 1.9938721655874676,
    "train_runtime": 4858.6522,
    "train_samples": 13746,
    "train_samples_per_second": 8.488,
    "train_steps_per_second": 1.061
}