{
    "epoch": 3.0,
    "eval_bleu": 5.192,
    "eval_chrf": 25.567,
    "eval_gen_len": 61.81,
    "eval_loss": 2.7315096855163574,
    "eval_runtime": 330.7108,
    "eval_samples": 997,
    "eval_samples_per_second": 3.015,
    "eval_steps_per_second": 0.378,
    "predict_bleu": 5.2632,
    "predict_chrf": 24.7028,
    "predict_gen_len": 64.2146,
    "predict_loss": 2.701953172683716,
    "predict_runtime": 356.0826,
    "predict_samples": 1012,
    "predict_samples_per_second": 2.842,
    "predict_steps_per_second": 0.357,
    "total_flos": 7348990261592064.0,
    "train_loss": 2.0528084615798448,
    "train_runtime": 5901.0764,
    "train_samples": 25746,
    "train_samples_per_second": 13.089,
    "train_steps_per_second": 1.636
}