{
    "epoch": 3.0,
    "eval_bleu": 3.2038,
    "eval_chrf": 20.7761,
    "eval_gen_len": 48.65,
    "eval_loss": 3.0877163410186768,
    "eval_runtime": 249.7358,
    "eval_samples": 997,
    "eval_samples_per_second": 3.992,
    "eval_steps_per_second": 0.501,
    "predict_bleu": 2.6848,
    "predict_chrf": 19.6541,
    "predict_gen_len": 51.5512,
    "predict_loss": 3.0489609241485596,
    "predict_runtime": 281.4214,
    "predict_samples": 1012,
    "predict_samples_per_second": 3.596,
    "predict_steps_per_second": 0.451,
    "total_flos": 6808975047655424.0,
    "train_loss": 2.252284159342448,
    "train_runtime": 7240.6515,
    "train_samples": 32000,
    "train_samples_per_second": 13.258,
    "train_steps_per_second": 1.657
}