{
    "epoch": 3.0,
    "eval_bleu": 1.7945,
    "eval_chrf": 13.2307,
    "eval_gen_len": 69.9779,
    "eval_loss": 4.408069610595703,
    "eval_runtime": 886.7054,
    "eval_samples": 997,
    "eval_samples_per_second": 1.124,
    "eval_steps_per_second": 0.141,
    "predict_bleu": 1.4718,
    "predict_chrf": 12.6701,
    "predict_gen_len": 72.2263,
    "predict_loss": 4.400084018707275,
    "predict_runtime": 932.5441,
    "predict_samples": 1012,
    "predict_samples_per_second": 1.085,
    "predict_steps_per_second": 0.136,
    "total_flos": 231152180723712.0,
    "train_loss": 3.5001048177083334,
    "train_runtime": 317.2654,
    "train_samples": 1000,
    "train_samples_per_second": 9.456,
    "train_steps_per_second": 1.182
}