{
    "epoch": 3.0,
    "eval_bleu": 5.9324,
    "eval_chrf": 26.6224,
    "eval_gen_len": 71.0451,
    "eval_loss": 2.9401426315307617,
    "eval_runtime": 852.0029,
    "eval_samples": 997,
    "eval_samples_per_second": 1.17,
    "eval_steps_per_second": 0.147,
    "predict_bleu": 6.0536,
    "predict_chrf": 26.1145,
    "predict_gen_len": 74.1512,
    "predict_loss": 2.933784008026123,
    "predict_runtime": 911.2378,
    "predict_samples": 1012,
    "predict_samples_per_second": 1.111,
    "predict_steps_per_second": 0.139,
    "total_flos": 4428304716742656.0,
    "train_loss": 1.9371244544368333,
    "train_runtime": 4173.0951,
    "train_samples": 11746,
    "train_samples_per_second": 8.444,
    "train_steps_per_second": 1.056
}