{
    "epoch": 3.0,
    "eval_bleu": 5.8681,
    "eval_chrf": 26.3895,
    "eval_gen_len": 71.0421,
    "eval_loss": 3.0001039505004883,
    "eval_runtime": 864.2832,
    "eval_samples": 997,
    "eval_samples_per_second": 1.154,
    "eval_steps_per_second": 0.145,
    "predict_bleu": 6.0654,
    "predict_chrf": 26.1826,
    "predict_gen_len": 73.0356,
    "predict_loss": 2.98966121673584,
    "predict_runtime": 895.3561,
    "predict_samples": 1012,
    "predict_samples_per_second": 1.13,
    "predict_steps_per_second": 0.142,
    "total_flos": 4131229383327744.0,
    "train_loss": 1.8891794038197351,
    "train_runtime": 3852.9553,
    "train_samples": 10746,
    "train_samples_per_second": 8.367,
    "train_steps_per_second": 1.046
}