{
    "epoch": 3.0,
    "eval_bleu": 1.7677,
    "eval_chrf": 13.7565,
    "eval_gen_len": 65.7623,
    "eval_loss": 4.698306560516357,
    "eval_runtime": 845.1605,
    "eval_samples": 997,
    "eval_samples_per_second": 1.18,
    "eval_steps_per_second": 0.148,
    "predict_bleu": 1.4506,
    "predict_chrf": 13.131,
    "predict_gen_len": 66.9032,
    "predict_loss": 4.680429458618164,
    "predict_runtime": 871.7986,
    "predict_samples": 1012,
    "predict_samples_per_second": 1.161,
    "predict_steps_per_second": 0.146,
    "total_flos": 212748722110464.0,
    "train_loss": 3.676183919270833,
    "train_runtime": 312.3962,
    "train_samples": 1000,
    "train_samples_per_second": 9.603,
    "train_steps_per_second": 1.2
}