{
    "epoch": 3.0,
    "eval_bleu": 5.7155,
    "eval_chrf": 26.1312,
    "eval_gen_len": 72.0802,
    "eval_loss": 3.3788552284240723,
    "eval_runtime": 880.7007,
    "eval_samples": 997,
    "eval_samples_per_second": 1.132,
    "eval_steps_per_second": 0.142,
    "predict_bleu": 5.801,
    "predict_chrf": 25.8441,
    "predict_gen_len": 73.7885,
    "predict_loss": 3.3359034061431885,
    "predict_runtime": 922.177,
    "predict_samples": 1012,
    "predict_samples_per_second": 1.097,
    "predict_steps_per_second": 0.138,
    "total_flos": 3817862671761408.0,
    "train_loss": 1.8065406605295709,
    "train_runtime": 3491.3493,
    "train_samples": 9746,
    "train_samples_per_second": 8.374,
    "train_steps_per_second": 1.047
}