{
    "epoch": 3.0,
    "eval_bleu": 6.0183,
    "eval_chrf": 26.5157,
    "eval_gen_len": 69.008,
    "eval_loss": 2.8792707920074463,
    "eval_runtime": 361.4612,
    "eval_samples": 997,
    "eval_samples_per_second": 2.758,
    "eval_steps_per_second": 0.346,
    "predict_bleu": 6.0212,
    "predict_chrf": 26.284,
    "predict_gen_len": 72.2766,
    "predict_loss": 2.867492198944092,
    "predict_runtime": 385.3955,
    "predict_samples": 1012,
    "predict_samples_per_second": 2.626,
    "predict_steps_per_second": 0.33,
    "total_flos": 4500534463561728.0,
    "train_loss": 1.9595579598933337,
    "train_runtime": 3184.7619,
    "train_samples": 13746,
    "train_samples_per_second": 12.949,
    "train_steps_per_second": 1.619
}