{
    "epoch": 3.0,
    "eval_bleu": 2.7675,
    "eval_chrf": 17.8289,
    "eval_gen_len": 55.088,
    "eval_loss": 3.8563389778137207,
    "eval_runtime": 324.9441,
    "eval_samples": 997,
    "eval_samples_per_second": 3.068,
    "eval_steps_per_second": 0.385,
    "predict_bleu": 2.4734,
    "predict_chrf": 17.3518,
    "predict_gen_len": 56.8278,
    "predict_loss": 3.821011543273926,
    "predict_runtime": 340.9946,
    "predict_samples": 1012,
    "predict_samples_per_second": 2.968,
    "predict_steps_per_second": 0.372,
    "total_flos": 857767044710400.0,
    "train_loss": 2.8235305989583335,
    "train_runtime": 1210.446,
    "train_samples": 4000,
    "train_samples_per_second": 9.914,
    "train_steps_per_second": 1.239
}