{
    "epoch": 3.0,
    "eval_bleu": 2.5064,
    "eval_chrf": 17.2693,
    "eval_gen_len": 58.6078,
    "eval_loss": 3.9111766815185547,
    "eval_runtime": 759.0413,
    "eval_samples": 997,
    "eval_samples_per_second": 1.313,
    "eval_steps_per_second": 0.165,
    "predict_bleu": 2.2921,
    "predict_chrf": 16.5751,
    "predict_gen_len": 60.2105,
    "predict_loss": 3.8768815994262695,
    "predict_runtime": 802.2951,
    "predict_samples": 1012,
    "predict_samples_per_second": 1.261,
    "predict_steps_per_second": 0.158,
    "total_flos": 909896114307072.0,
    "train_loss": 3.067884928385417,
    "train_runtime": 1226.3754,
    "train_samples": 4000,
    "train_samples_per_second": 9.785,
    "train_steps_per_second": 1.223
}