{
    "epoch": 3.0,
    "eval_bleu": 2.4181,
    "eval_chrf": 16.6916,
    "eval_gen_len": 59.1685,
    "eval_loss": 3.9016263484954834,
    "eval_runtime": 786.99,
    "eval_samples": 997,
    "eval_samples_per_second": 1.267,
    "eval_steps_per_second": 0.159,
    "predict_bleu": 2.1956,
    "predict_chrf": 16.0142,
    "predict_gen_len": 59.9625,
    "predict_loss": 3.8709919452667236,
    "predict_runtime": 831.6043,
    "predict_samples": 1012,
    "predict_samples_per_second": 1.217,
    "predict_steps_per_second": 0.153,
    "total_flos": 1672953961316352.0,
    "train_loss": 3.1420858561197917,
    "train_runtime": 2451.802,
    "train_samples": 8000,
    "train_samples_per_second": 9.789,
    "train_steps_per_second": 1.224
}