{
    "epoch": 3.0,
    "eval_bleu": 5.7919,
    "eval_chrf": 26.348,
    "eval_gen_len": 71.317,
    "eval_loss": 2.997819662094116,
    "eval_runtime": 881.3393,
    "eval_samples": 997,
    "eval_samples_per_second": 1.131,
    "eval_steps_per_second": 0.142,
    "predict_bleu": 6.0861,
    "predict_chrf": 26.0381,
    "predict_gen_len": 74.3014,
    "predict_loss": 2.9852678775787354,
    "predict_runtime": 939.956,
    "predict_samples": 1012,
    "predict_samples_per_second": 1.077,
    "predict_steps_per_second": 0.135,
    "total_flos": 4127995656929280.0,
    "train_loss": 1.8869177897771199,
    "train_runtime": 3869.1282,
    "train_samples": 10746,
    "train_samples_per_second": 8.332,
    "train_steps_per_second": 1.042
}