{
    "epoch": 3.0,
    "eval_bleu": 5.8838,
    "eval_chrf": 26.6467,
    "eval_gen_len": 70.834,
    "eval_loss": 2.9911367893218994,
    "eval_runtime": 359.7357,
    "eval_samples": 997,
    "eval_samples_per_second": 2.771,
    "eval_steps_per_second": 0.347,
    "predict_bleu": 6.0881,
    "predict_chrf": 26.5285,
    "predict_gen_len": 72.5846,
    "predict_loss": 2.975787878036499,
    "predict_runtime": 386.4457,
    "predict_samples": 1012,
    "predict_samples_per_second": 2.619,
    "predict_steps_per_second": 0.329,
    "total_flos": 3724372426620928.0,
    "train_loss": 1.8822951856113614,
    "train_runtime": 2541.9712,
    "train_samples": 10746,
    "train_samples_per_second": 12.682,
    "train_steps_per_second": 1.586
}