{
    "epoch": 3.0,
    "eval_bleu": 2.9111,
    "eval_chrf": 18.5805,
    "eval_gen_len": 53.8877,
    "eval_loss": 3.6445367336273193,
    "eval_runtime": 671.5102,
    "eval_samples": 997,
    "eval_samples_per_second": 1.485,
    "eval_steps_per_second": 0.186,
    "predict_bleu": 2.503,
    "predict_chrf": 17.7865,
    "predict_gen_len": 56.1759,
    "predict_loss": 3.616854429244995,
    "predict_runtime": 740.6942,
    "predict_samples": 1012,
    "predict_samples_per_second": 1.366,
    "predict_steps_per_second": 0.171,
    "total_flos": 1805739909709824.0,
    "train_loss": 2.847810384114583,
    "train_runtime": 2414.8228,
    "train_samples": 8000,
    "train_samples_per_second": 9.939,
    "train_steps_per_second": 1.242
}