{
    "epoch": 3.0,
    "eval_bleu": 3.3009,
    "eval_chrf": 20.5543,
    "eval_gen_len": 50.0391,
    "eval_loss": 3.106266498565674,
    "eval_runtime": 603.1326,
    "eval_samples": 997,
    "eval_samples_per_second": 1.653,
    "eval_steps_per_second": 0.207,
    "predict_bleu": 2.7068,
    "predict_chrf": 19.9033,
    "predict_gen_len": 51.3132,
    "predict_loss": 3.0685133934020996,
    "predict_runtime": 630.4451,
    "predict_samples": 1012,
    "predict_samples_per_second": 1.605,
    "predict_steps_per_second": 0.201,
    "total_flos": 7196277163425792.0,
    "train_loss": 2.502657028198242,
    "train_runtime": 9649.4876,
    "train_samples": 32000,
    "train_samples_per_second": 9.949,
    "train_steps_per_second": 1.244
}