{
    "epoch": 3.0,
    "eval_bleu": 3.1703,
    "eval_chrf": 20.2665,
    "eval_gen_len": 50.321,
    "eval_loss": 3.326200246810913,
    "eval_runtime": 262.0639,
    "eval_samples": 997,
    "eval_samples_per_second": 3.804,
    "eval_steps_per_second": 0.477,
    "predict_bleu": 2.7509,
    "predict_chrf": 19.3229,
    "predict_gen_len": 52.2431,
    "predict_loss": 3.2798409461975098,
    "predict_runtime": 280.339,
    "predict_samples": 1012,
    "predict_samples_per_second": 3.61,
    "predict_steps_per_second": 0.453,
    "total_flos": 3441768385216512.0,
    "train_loss": 2.42703852335612,
    "train_runtime": 3703.6126,
    "train_samples": 16000,
    "train_samples_per_second": 12.96,
    "train_steps_per_second": 1.62
}