{
    "epoch": 3.0,
    "eval_bleu": 2.9073,
    "eval_chrf": 18.69,
    "eval_gen_len": 53.914,
    "eval_loss": 3.608799695968628,
    "eval_runtime": 305.9173,
    "eval_samples": 997,
    "eval_samples_per_second": 3.259,
    "eval_steps_per_second": 0.409,
    "predict_bleu": 2.4455,
    "predict_chrf": 17.9755,
    "predict_gen_len": 56.1014,
    "predict_loss": 3.565955877304077,
    "predict_runtime": 317.8295,
    "predict_samples": 1012,
    "predict_samples_per_second": 3.184,
    "predict_steps_per_second": 0.4,
    "total_flos": 1720884242939904.0,
    "train_loss": 2.622710530598958,
    "train_runtime": 1854.135,
    "train_samples": 8000,
    "train_samples_per_second": 12.944,
    "train_steps_per_second": 1.618
}