{
    "epoch": 3.0,
    "eval_bleu": 5.94,
    "eval_chrf": 26.5665,
    "eval_gen_len": 71.1505,
    "eval_loss": 2.94132137298584,
    "eval_runtime": 877.5262,
    "eval_samples": 997,
    "eval_samples_per_second": 1.136,
    "eval_steps_per_second": 0.142,
    "predict_bleu": 6.2332,
    "predict_chrf": 26.3865,
    "predict_gen_len": 72.9407,
    "predict_loss": 2.9339098930358887,
    "predict_runtime": 910.7516,
    "predict_samples": 1012,
    "predict_samples_per_second": 1.111,
    "predict_steps_per_second": 0.139,
    "total_flos": 4428033828667392.0,
    "train_loss": 1.9338169361908257,
    "train_runtime": 4183.7773,
    "train_samples": 11746,
    "train_samples_per_second": 8.423,
    "train_steps_per_second": 1.053
}