{
    "epoch": 3.0,
    "eval_bleu": 2.251,
    "eval_chrf": 15.9686,
    "eval_gen_len": 60.9569,
    "eval_loss": 3.9519951343536377,
    "eval_runtime": 797.7,
    "eval_samples": 997,
    "eval_samples_per_second": 1.25,
    "eval_steps_per_second": 0.157,
    "predict_bleu": 1.9582,
    "predict_chrf": 15.4081,
    "predict_gen_len": 62.6749,
    "predict_loss": 3.917879819869995,
    "predict_runtime": 834.1519,
    "predict_samples": 1012,
    "predict_samples_per_second": 1.213,
    "predict_steps_per_second": 0.152,
    "total_flos": 885634701066240.0,
    "train_loss": 2.9889615885416667,
    "train_runtime": 1196.4679,
    "train_samples": 4000,
    "train_samples_per_second": 10.03,
    "train_steps_per_second": 1.254
}