{
    "epoch": 3.0,
    "eval_bleu": 5.7072,
    "eval_chrf": 26.059,
    "eval_gen_len": 67.9779,
    "eval_loss": 2.821422815322876,
    "eval_runtime": 867.0064,
    "eval_samples": 997,
    "eval_samples_per_second": 1.15,
    "eval_steps_per_second": 0.144,
    "predict_bleu": 5.7618,
    "predict_chrf": 25.6465,
    "predict_gen_len": 70.6907,
    "predict_loss": 2.811194658279419,
    "predict_runtime": 920.7815,
    "predict_samples": 1012,
    "predict_samples_per_second": 1.099,
    "predict_steps_per_second": 0.138,
    "total_flos": 6098490540539904.0,
    "train_loss": 2.0715111091685974,
    "train_runtime": 6079.0236,
    "train_samples": 17746,
    "train_samples_per_second": 8.758,
    "train_steps_per_second": 1.095
}