{
    "epoch": 3.0,
    "eval_bleu": 5.9245,
    "eval_chrf": 26.2626,
    "eval_gen_len": 70.7392,
    "eval_loss": 2.877790689468384,
    "eval_runtime": 857.7445,
    "eval_samples": 997,
    "eval_samples_per_second": 1.162,
    "eval_steps_per_second": 0.146,
    "predict_bleu": 5.8254,
    "predict_chrf": 25.6706,
    "predict_gen_len": 72.833,
    "predict_loss": 2.865685224533081,
    "predict_runtime": 898.8284,
    "predict_samples": 1012,
    "predict_samples_per_second": 1.126,
    "predict_steps_per_second": 0.141,
    "total_flos": 5005241292914688.0,
    "train_loss": 2.007380099589681,
    "train_runtime": 4842.9043,
    "train_samples": 13746,
    "train_samples_per_second": 8.515,
    "train_steps_per_second": 1.065
}