{
    "epoch": 3.0,
    "eval_bleu": 5.7478,
    "eval_chrf": 25.8004,
    "eval_gen_len": 64.3962,
    "eval_loss": 2.7391397953033447,
    "eval_runtime": 829.1321,
    "eval_samples": 997,
    "eval_samples_per_second": 1.202,
    "eval_steps_per_second": 0.151,
    "predict_bleu": 5.5635,
    "predict_chrf": 25.4545,
    "predict_gen_len": 66.8864,
    "predict_loss": 2.7239370346069336,
    "predict_runtime": 872.4698,
    "predict_samples": 1012,
    "predict_samples_per_second": 1.16,
    "predict_steps_per_second": 0.146,
    "total_flos": 8131543639031808.0,
    "train_loss": 2.143020163760541,
    "train_runtime": 8583.4446,
    "train_samples": 25746,
    "train_samples_per_second": 8.998,
    "train_steps_per_second": 1.125
}