{
    "epoch": 3.0,
    "eval_bleu": 2.0459,
    "eval_chrf": 14.4088,
    "eval_gen_len": 63.9398,
    "eval_loss": 4.196904182434082,
    "eval_runtime": 821.5888,
    "eval_samples": 997,
    "eval_samples_per_second": 1.214,
    "eval_steps_per_second": 0.152,
    "predict_bleu": 1.825,
    "predict_chrf": 13.6629,
    "predict_gen_len": 65.9743,
    "predict_loss": 4.169534206390381,
    "predict_runtime": 879.4588,
    "predict_samples": 1012,
    "predict_samples_per_second": 1.151,
    "predict_steps_per_second": 0.144,
    "total_flos": 447507100336128.0,
    "train_loss": 3.1938197428385418,
    "train_runtime": 609.2944,
    "train_samples": 2000,
    "train_samples_per_second": 9.847,
    "train_steps_per_second": 1.231
}