{
    "epoch": 3.0,
    "eval_bleu": 1.7998,
    "eval_chrf": 14.0449,
    "eval_gen_len": 65.7252,
    "eval_loss": 4.438692569732666,
    "eval_runtime": 839.7611,
    "eval_samples": 997,
    "eval_samples_per_second": 1.187,
    "eval_steps_per_second": 0.149,
    "predict_bleu": 1.455,
    "predict_chrf": 13.2411,
    "predict_gen_len": 68.4447,
    "predict_loss": 4.425544738769531,
    "predict_runtime": 898.84,
    "predict_samples": 1012,
    "predict_samples_per_second": 1.126,
    "predict_steps_per_second": 0.141,
    "total_flos": 424684779995136.0,
    "train_loss": 3.525529541015625,
    "train_runtime": 618.8684,
    "train_samples": 2000,
    "train_samples_per_second": 9.695,
    "train_steps_per_second": 1.212
}