{
    "epoch": 3.0,
    "eval_bleu": 2.1008,
    "eval_chrf": 14.8177,
    "eval_gen_len": 62.883,
    "eval_loss": 4.376444339752197,
    "eval_runtime": 372.868,
    "eval_samples": 997,
    "eval_samples_per_second": 2.674,
    "eval_steps_per_second": 0.335,
    "predict_bleu": 1.9361,
    "predict_chrf": 14.0593,
    "predict_gen_len": 64.8425,
    "predict_loss": 4.361566066741943,
    "predict_runtime": 384.8357,
    "predict_samples": 1012,
    "predict_samples_per_second": 2.63,
    "predict_steps_per_second": 0.33,
    "total_flos": 217793999929344.0,
    "train_loss": 3.333336263020833,
    "train_runtime": 310.6156,
    "train_samples": 1000,
    "train_samples_per_second": 9.658,
    "train_steps_per_second": 1.207
}