{
    "epoch": 3.0,
    "eval_bleu": 4.954,
    "eval_chrf": 24.7178,
    "eval_gen_len": 61.3501,
    "eval_loss": 2.6550838947296143,
    "eval_runtime": 808.2458,
    "eval_samples": 997,
    "eval_samples_per_second": 1.234,
    "eval_steps_per_second": 0.155,
    "predict_bleu": 5.0855,
    "predict_chrf": 24.6531,
    "predict_gen_len": 63.4634,
    "predict_loss": 2.6445891857147217,
    "predict_runtime": 840.2205,
    "predict_samples": 1012,
    "predict_samples_per_second": 1.204,
    "predict_steps_per_second": 0.151,
    "total_flos": 1.1975572405813248e+16,
    "train_loss": 2.1767539941481098,
    "train_runtime": 13463.9024,
    "train_samples": 41746,
    "train_samples_per_second": 9.302,
    "train_steps_per_second": 1.163
}