{
    "epoch": 3.0,
    "eval_bleu": 5.2105,
    "eval_chrf": 25.4601,
    "eval_gen_len": 60.8957,
    "eval_loss": 2.643908977508545,
    "eval_runtime": 767.7641,
    "eval_samples": 997,
    "eval_samples_per_second": 1.299,
    "eval_steps_per_second": 0.163,
    "predict_bleu": 4.9473,
    "predict_chrf": 24.7882,
    "predict_gen_len": 62.2273,
    "predict_loss": 2.641633987426758,
    "predict_runtime": 791.784,
    "predict_samples": 1012,
    "predict_samples_per_second": 1.278,
    "predict_steps_per_second": 0.16,
    "total_flos": 1.2063886150975488e+16,
    "train_loss": 2.2205516344713527,
    "train_runtime": 13683.0871,
    "train_samples": 41746,
    "train_samples_per_second": 9.153,
    "train_steps_per_second": 1.144
}