{
    "epoch": 3.0,
    "eval_bleu": 3.1318,
    "eval_chrf": 19.8229,
    "eval_gen_len": 50.8044,
    "eval_loss": 3.3705108165740967,
    "eval_runtime": 625.2474,
    "eval_samples": 997,
    "eval_samples_per_second": 1.595,
    "eval_steps_per_second": 0.2,
    "predict_bleu": 2.5926,
    "predict_chrf": 19.031,
    "predict_gen_len": 53.2727,
    "predict_loss": 3.333420753479004,
    "predict_runtime": 664.8777,
    "predict_samples": 1012,
    "predict_samples_per_second": 1.522,
    "predict_steps_per_second": 0.191,
    "total_flos": 3603793370284032.0,
    "train_loss": 2.6686512654622394,
    "train_runtime": 4824.3675,
    "train_samples": 16000,
    "train_samples_per_second": 9.949,
    "train_steps_per_second": 1.244
}