{
    "epoch": 3.0,
    "eval_bleu": 5.7869,
    "eval_chrf": 26.242,
    "eval_gen_len": 66.138,
    "eval_loss": 2.7943148612976074,
    "eval_runtime": 354.5749,
    "eval_samples": 997,
    "eval_samples_per_second": 2.812,
    "eval_steps_per_second": 0.353,
    "predict_bleu": 5.7949,
    "predict_chrf": 25.9167,
    "predict_gen_len": 69.627,
    "predict_loss": 2.7841968536376953,
    "predict_runtime": 382.0301,
    "predict_samples": 1012,
    "predict_samples_per_second": 2.649,
    "predict_steps_per_second": 0.332,
    "total_flos": 5483045511495680.0,
    "train_loss": 2.015586643296354,
    "train_runtime": 4262.0551,
    "train_samples": 17746,
    "train_samples_per_second": 12.491,
    "train_steps_per_second": 1.562
}