{
    "epoch": 3.0,
    "eval_bleu": 2.1801,
    "eval_chrf": 15.3327,
    "eval_gen_len": 59.9157,
    "eval_loss": 4.1815948486328125,
    "eval_runtime": 766.3583,
    "eval_samples": 997,
    "eval_samples_per_second": 1.301,
    "eval_steps_per_second": 0.163,
    "predict_bleu": 2.0386,
    "predict_chrf": 15.033,
    "predict_gen_len": 61.2105,
    "predict_loss": 4.154921054840088,
    "predict_runtime": 808.426,
    "predict_samples": 1012,
    "predict_samples_per_second": 1.252,
    "predict_steps_per_second": 0.157,
    "total_flos": 463929689899008.0,
    "train_loss": 3.25922021484375,
    "train_runtime": 631.1805,
    "train_samples": 2000,
    "train_samples_per_second": 9.506,
    "train_steps_per_second": 1.188
}