{
    "epoch": 3.0,
    "eval_bleu": 2.9492,
    "eval_chrf": 18.9326,
    "eval_gen_len": 54.2347,
    "eval_loss": 3.357828140258789,
    "eval_runtime": 707.5978,
    "eval_samples": 997,
    "eval_samples_per_second": 1.409,
    "eval_steps_per_second": 0.177,
    "predict_bleu": 2.4363,
    "predict_chrf": 18.0688,
    "predict_gen_len": 56.3656,
    "predict_loss": 3.324631690979004,
    "predict_runtime": 783.7668,
    "predict_samples": 1012,
    "predict_samples_per_second": 1.291,
    "predict_steps_per_second": 0.162,
    "total_flos": 6707713589182464.0,
    "train_loss": 2.8147771606445313,
    "train_runtime": 9875.0984,
    "train_samples": 32000,
    "train_samples_per_second": 9.721,
    "train_steps_per_second": 1.215
}