{
    "epoch": 3.0,
    "eval_bleu": 4.9152,
    "eval_chrf": 25.0733,
    "eval_gen_len": 57.507,
    "eval_loss": 2.628751516342163,
    "eval_runtime": 311.2687,
    "eval_samples": 997,
    "eval_samples_per_second": 3.203,
    "eval_steps_per_second": 0.402,
    "predict_bleu": 4.7853,
    "predict_chrf": 24.7578,
    "predict_gen_len": 59.1417,
    "predict_loss": 2.6184608936309814,
    "predict_runtime": 322.2839,
    "predict_samples": 1012,
    "predict_samples_per_second": 3.14,
    "predict_steps_per_second": 0.394,
    "total_flos": 1.0843446503800832e+16,
    "train_loss": 2.0517318861050695,
    "train_runtime": 9715.2165,
    "train_samples": 41746,
    "train_samples_per_second": 12.891,
    "train_steps_per_second": 1.612
}