{
    "epoch": 3.0,
    "eval_bleu": 2.9705,
    "eval_chrf": 19.2155,
    "eval_gen_len": 53.3912,
    "eval_loss": 3.400944232940674,
    "eval_runtime": 699.2371,
    "eval_samples": 997,
    "eval_samples_per_second": 1.426,
    "eval_steps_per_second": 0.179,
    "predict_bleu": 2.3505,
    "predict_chrf": 18.214,
    "predict_gen_len": 56.1976,
    "predict_loss": 3.364309310913086,
    "predict_runtime": 753.0347,
    "predict_samples": 1012,
    "predict_samples_per_second": 1.344,
    "predict_steps_per_second": 0.169,
    "total_flos": 3518717584146432.0,
    "train_loss": 2.594653564453125,
    "train_runtime": 4841.1064,
    "train_samples": 16000,
    "train_samples_per_second": 9.915,
    "train_steps_per_second": 1.239
}