{
    "epoch": 3.0,
    "eval_bleu": 3.1835,
    "eval_chrf": 20.3393,
    "eval_gen_len": 50.5496,
    "eval_loss": 3.126044511795044,
    "eval_runtime": 624.8782,
    "eval_samples": 997,
    "eval_samples_per_second": 1.596,
    "eval_steps_per_second": 0.2,
    "predict_bleu": 2.5804,
    "predict_chrf": 19.4017,
    "predict_gen_len": 52.998,
    "predict_loss": 3.100552797317505,
    "predict_runtime": 704.7826,
    "predict_samples": 1012,
    "predict_samples_per_second": 1.436,
    "predict_steps_per_second": 0.18,
    "total_flos": 7027615475564544.0,
    "train_loss": 2.4325150502522788,
    "train_runtime": 9703.3603,
    "train_samples": 32000,
    "train_samples_per_second": 9.893,
    "train_steps_per_second": 1.237
}