{
    "epoch": 3.0,
    "eval_bleu": 5.7368,
    "eval_chrf": 26.2146,
    "eval_gen_len": 72.502,
    "eval_loss": 2.9395525455474854,
    "eval_runtime": 374.6874,
    "eval_samples": 997,
    "eval_samples_per_second": 2.661,
    "eval_steps_per_second": 0.334,
    "predict_bleu": 5.6967,
    "predict_chrf": 25.5805,
    "predict_gen_len": 75.1969,
    "predict_loss": 2.9269397258758545,
    "predict_runtime": 396.5961,
    "predict_samples": 1012,
    "predict_samples_per_second": 2.552,
    "predict_steps_per_second": 0.32,
    "total_flos": 3996005460606976.0,
    "train_loss": 1.9139956618642926,
    "train_runtime": 2718.3337,
    "train_samples": 11746,
    "train_samples_per_second": 12.963,
    "train_steps_per_second": 1.621
}