{
    "epoch": 3.0,
    "eval_bleu": 2.1924,
    "eval_chrf": 15.2399,
    "eval_gen_len": 62.3811,
    "eval_loss": 4.167357921600342,
    "eval_runtime": 826.8038,
    "eval_samples": 997,
    "eval_samples_per_second": 1.206,
    "eval_steps_per_second": 0.151,
    "predict_bleu": 1.851,
    "predict_chrf": 14.551,
    "predict_gen_len": 64.2856,
    "predict_loss": 4.153854846954346,
    "predict_runtime": 890.4943,
    "predict_samples": 1012,
    "predict_samples_per_second": 1.136,
    "predict_steps_per_second": 0.143,
    "total_flos": 852044579733504.0,
    "train_loss": 3.3219956868489584,
    "train_runtime": 1221.1928,
    "train_samples": 4000,
    "train_samples_per_second": 9.826,
    "train_steps_per_second": 1.228
}