{
    "epoch": 3.0,
    "eval_bleu": 2.6018,
    "eval_chrf": 17.8236,
    "eval_gen_len": 57.2708,
    "eval_loss": 3.6279282569885254,
    "eval_runtime": 818.9845,
    "eval_samples": 997,
    "eval_samples_per_second": 1.217,
    "eval_steps_per_second": 0.153,
    "predict_bleu": 2.259,
    "predict_chrf": 17.0989,
    "predict_gen_len": 59.0138,
    "predict_loss": 3.596135377883911,
    "predict_runtime": 832.2954,
    "predict_samples": 1012,
    "predict_samples_per_second": 1.216,
    "predict_steps_per_second": 0.153,
    "total_flos": 3356946611699712.0,
    "train_loss": 2.9640026245117186,
    "train_runtime": 4901.632,
    "train_samples": 16000,
    "train_samples_per_second": 9.793,
    "train_steps_per_second": 1.224
}