{
    "epoch": 3.0,
    "eval_bleu": 1.265,
    "eval_chrf": 10.2339,
    "eval_gen_len": 112.4233,
    "eval_loss": 3.4857215881347656,
    "eval_runtime": 1024.7801,
    "eval_samples": 997,
    "eval_samples_per_second": 0.973,
    "eval_steps_per_second": 0.122,
    "predict_bleu": 0.9229,
    "predict_chrf": 9.4858,
    "predict_gen_len": 112.1087,
    "predict_loss": 3.5265181064605713,
    "predict_runtime": 1050.8098,
    "predict_samples": 1012,
    "predict_samples_per_second": 0.963,
    "predict_steps_per_second": 0.121,
    "total_flos": 413832326479872.0,
    "train_loss": 3.285937744140625,
    "train_runtime": 610.6348,
    "train_samples": 2000,
    "train_samples_per_second": 9.826,
    "train_steps_per_second": 1.228
}