{
    "epoch": 3.0,
    "eval_bleu": 7.3907,
    "eval_chrf": 30.2075,
    "eval_gen_len": 62.1825,
    "eval_loss": 2.35178279876709,
    "eval_runtime": 805.196,
    "eval_samples": 997,
    "eval_samples_per_second": 1.238,
    "eval_steps_per_second": 0.155,
    "predict_bleu": 6.5348,
    "predict_chrf": 29.4715,
    "predict_gen_len": 63.8735,
    "predict_loss": 2.439707040786743,
    "predict_runtime": 858.958,
    "predict_samples": 1012,
    "predict_samples_per_second": 1.178,
    "predict_steps_per_second": 0.148,
    "total_flos": 4926876335579136.0,
    "train_loss": 1.9736663081052843,
    "train_runtime": 4695.8853,
    "train_samples": 14121,
    "train_samples_per_second": 9.021,
    "train_steps_per_second": 1.128
}