{
    "epoch": 3.0,
    "eval_bleu": 3.9651,
    "eval_chrf": 21.0,
    "eval_gen_len": 73.5577,
    "eval_loss": 2.818997621536255,
    "eval_runtime": 919.2676,
    "eval_samples": 997,
    "eval_samples_per_second": 1.085,
    "eval_steps_per_second": 0.136,
    "predict_bleu": 3.4293,
    "predict_chrf": 20.671,
    "predict_gen_len": 74.2302,
    "predict_loss": 2.89571213722229,
    "predict_runtime": 958.7114,
    "predict_samples": 1012,
    "predict_samples_per_second": 1.056,
    "predict_steps_per_second": 0.132,
    "total_flos": 3339254234284032.0,
    "train_loss": 2.4846732381184897,
    "train_runtime": 4793.8753,
    "train_samples": 16000,
    "train_samples_per_second": 10.013,
    "train_steps_per_second": 1.252
}