{
    "epoch": 3.0,
    "eval_bleu": 6.376,
    "eval_chrf": 27.5963,
    "eval_gen_len": 59.1815,
    "eval_loss": 2.6084017753601074,
    "eval_runtime": 763.9678,
    "eval_samples": 997,
    "eval_samples_per_second": 1.305,
    "eval_steps_per_second": 0.164,
    "predict_bleu": 5.6471,
    "predict_chrf": 27.0208,
    "predict_gen_len": 60.0148,
    "predict_loss": 2.67995023727417,
    "predict_runtime": 787.5399,
    "predict_samples": 1012,
    "predict_samples_per_second": 1.285,
    "predict_steps_per_second": 0.161,
    "total_flos": 7135953775165440.0,
    "train_loss": 1.6048570607503254,
    "train_runtime": 9556.424,
    "train_samples": 32000,
    "train_samples_per_second": 10.046,
    "train_steps_per_second": 1.256
}