{
    "epoch": 3.0,
    "eval_bleu": 8.2785,
    "eval_chrf": 32.44,
    "eval_gen_len": 58.5065,
    "eval_loss": 2.2250185012817383,
    "eval_runtime": 744.7055,
    "eval_samples": 997,
    "eval_samples_per_second": 1.339,
    "eval_steps_per_second": 0.168,
    "predict_bleu": 7.3796,
    "predict_chrf": 31.5519,
    "predict_gen_len": 60.582,
    "predict_loss": 2.313234329223633,
    "predict_runtime": 783.0887,
    "predict_samples": 1012,
    "predict_samples_per_second": 1.292,
    "predict_steps_per_second": 0.162,
    "total_flos": 1.072179234521088e+16,
    "train_loss": 1.6384271858355135,
    "train_runtime": 11985.8284,
    "train_samples": 38121,
    "train_samples_per_second": 9.542,
    "train_steps_per_second": 1.193
}