{
    "epoch": 3.0,
    "eval_bleu": 6.4759,
    "eval_chrf": 27.8224,
    "eval_gen_len": 69.5587,
    "eval_loss": 2.4690864086151123,
    "eval_runtime": 892.5231,
    "eval_samples": 997,
    "eval_samples_per_second": 1.117,
    "eval_steps_per_second": 0.14,
    "predict_bleu": 5.4915,
    "predict_chrf": 26.4863,
    "predict_gen_len": 71.8617,
    "predict_loss": 2.5624687671661377,
    "predict_runtime": 938.4076,
    "predict_samples": 1012,
    "predict_samples_per_second": 1.078,
    "predict_steps_per_second": 0.135,
    "total_flos": 3264158980669440.0,
    "train_loss": 2.0875775144481907,
    "train_runtime": 2802.5298,
    "train_samples": 8121,
    "train_samples_per_second": 8.693,
    "train_steps_per_second": 1.088
}