{
    "epoch": 3.0,
    "eval_bleu": 5.6147,
    "eval_chrf": 26.7379,
    "eval_gen_len": 68.5296,
    "eval_loss": 2.5678436756134033,
    "eval_runtime": 887.3294,
    "eval_samples": 997,
    "eval_samples_per_second": 1.124,
    "eval_steps_per_second": 0.141,
    "predict_bleu": 5.2412,
    "predict_chrf": 26.0251,
    "predict_gen_len": 70.5623,
    "predict_loss": 2.659484386444092,
    "predict_runtime": 920.0087,
    "predict_samples": 1012,
    "predict_samples_per_second": 1.1,
    "predict_steps_per_second": 0.138,
    "total_flos": 2632166519513088.0,
    "train_loss": 2.1046307516471523,
    "train_runtime": 2159.1255,
    "train_samples": 6121,
    "train_samples_per_second": 8.505,
    "train_steps_per_second": 1.064
}