{
    "epoch": 3.0,
    "eval_bleu": 6.9937,
    "eval_chrf": 29.1895,
    "eval_gen_len": 66.2387,
    "eval_loss": 2.4210360050201416,
    "eval_runtime": 861.2448,
    "eval_samples": 997,
    "eval_samples_per_second": 1.158,
    "eval_steps_per_second": 0.145,
    "predict_bleu": 6.1047,
    "predict_chrf": 28.1989,
    "predict_gen_len": 66.8676,
    "predict_loss": 2.5115957260131836,
    "predict_runtime": 888.626,
    "predict_samples": 1012,
    "predict_samples_per_second": 1.139,
    "predict_steps_per_second": 0.143,
    "total_flos": 3854034695061504.0,
    "train_loss": 2.051777683477015,
    "train_runtime": 3433.5076,
    "train_samples": 10121,
    "train_samples_per_second": 8.843,
    "train_steps_per_second": 1.106
}