{
    "epoch": 3.0,
    "eval_bleu": 1.9326,
    "eval_chrf": 14.7152,
    "eval_gen_len": 98.5316,
    "eval_loss": 3.246955633163452,
    "eval_runtime": 1007.0099,
    "eval_samples": 997,
    "eval_samples_per_second": 0.99,
    "eval_steps_per_second": 0.124,
    "predict_bleu": 1.7771,
    "predict_chrf": 14.6112,
    "predict_gen_len": 99.0158,
    "predict_loss": 3.3025989532470703,
    "predict_runtime": 1034.1861,
    "predict_samples": 1012,
    "predict_samples_per_second": 0.979,
    "predict_steps_per_second": 0.123,
    "total_flos": 841513805807616.0,
    "train_loss": 2.9997125651041667,
    "train_runtime": 1203.2493,
    "train_samples": 4000,
    "train_samples_per_second": 9.973,
    "train_steps_per_second": 1.247
}