{
    "epoch": 3.0,
    "eval_bleu": 1.4119,
    "eval_chrf": 10.7518,
    "eval_gen_len": 97.2678,
    "eval_loss": 3.7335195541381836,
    "eval_runtime": 1005.4383,
    "eval_samples": 997,
    "eval_samples_per_second": 0.992,
    "eval_steps_per_second": 0.124,
    "predict_bleu": 1.1604,
    "predict_chrf": 10.2422,
    "predict_gen_len": 97.8745,
    "predict_loss": 3.766308307647705,
    "predict_runtime": 1037.1091,
    "predict_samples": 1012,
    "predict_samples_per_second": 0.976,
    "predict_steps_per_second": 0.122,
    "total_flos": 201930129604608.0,
    "train_loss": 3.59525390625,
    "train_runtime": 305.8952,
    "train_samples": 1000,
    "train_samples_per_second": 9.807,
    "train_steps_per_second": 1.226
}