{
    "epoch": 3.0,
    "eval_bleu": 7.5174,
    "eval_chrf": 30.9813,
    "eval_gen_len": 60.319,
    "eval_loss": 2.2854068279266357,
    "eval_runtime": 758.4483,
    "eval_samples": 997,
    "eval_samples_per_second": 1.315,
    "eval_steps_per_second": 0.165,
    "predict_bleu": 7.0655,
    "predict_chrf": 30.178,
    "predict_gen_len": 62.0375,
    "predict_loss": 2.375340700149536,
    "predict_runtime": 810.3113,
    "predict_samples": 1012,
    "predict_samples_per_second": 1.249,
    "predict_steps_per_second": 0.157,
    "total_flos": 6942474083721216.0,
    "train_loss": 1.8285217248379222,
    "train_runtime": 7142.9478,
    "train_samples": 22121,
    "train_samples_per_second": 9.291,
    "train_steps_per_second": 1.162
}