{
    "epoch": 3.0,
    "eval_bleu": 6.3949,
    "eval_chrf": 27.559,
    "eval_gen_len": 69.7382,
    "eval_loss": 2.510857582092285,
    "eval_runtime": 867.2867,
    "eval_samples": 997,
    "eval_samples_per_second": 1.15,
    "eval_steps_per_second": 0.144,
    "predict_bleu": 5.5389,
    "predict_chrf": 26.2197,
    "predict_gen_len": 72.166,
    "predict_loss": 2.6050920486450195,
    "predict_runtime": 925.6793,
    "predict_samples": 1012,
    "predict_samples_per_second": 1.093,
    "predict_steps_per_second": 0.137,
    "total_flos": 2957833242746880.0,
    "train_loss": 2.103926042470422,
    "train_runtime": 2478.1719,
    "train_samples": 7121,
    "train_samples_per_second": 8.62,
    "train_steps_per_second": 1.079
}