{
    "epoch": 3.0,
    "eval_bleu": 2.2776,
    "eval_chrf": 16.2293,
    "eval_gen_len": 97.4112,
    "eval_loss": 3.122987747192383,
    "eval_runtime": 1017.7578,
    "eval_samples": 997,
    "eval_samples_per_second": 0.98,
    "eval_steps_per_second": 0.123,
    "predict_bleu": 1.8731,
    "predict_chrf": 15.2782,
    "predict_gen_len": 98.8903,
    "predict_loss": 3.1937708854675293,
    "predict_runtime": 1044.4686,
    "predict_samples": 1012,
    "predict_samples_per_second": 0.969,
    "predict_steps_per_second": 0.122,
    "total_flos": 906916345479168.0,
    "train_loss": 2.423614990234375,
    "train_runtime": 1229.7507,
    "train_samples": 4000,
    "train_samples_per_second": 9.758,
    "train_steps_per_second": 1.22
}