{
    "epoch": 3.0,
    "eval_bleu": 1.0128,
    "eval_chrf": 8.2737,
    "eval_gen_len": 114.7543,
    "eval_loss": 3.5740506649017334,
    "eval_runtime": 1036.6465,
    "eval_samples": 997,
    "eval_samples_per_second": 0.962,
    "eval_steps_per_second": 0.121,
    "predict_bleu": 0.9036,
    "predict_chrf": 7.9496,
    "predict_gen_len": 115.002,
    "predict_loss": 3.615504026412964,
    "predict_runtime": 1063.791,
    "predict_samples": 1012,
    "predict_samples_per_second": 0.951,
    "predict_steps_per_second": 0.119,
    "total_flos": 225937585274880.0,
    "train_loss": 3.1430182291666666,
    "train_runtime": 312.7645,
    "train_samples": 1000,
    "train_samples_per_second": 9.592,
    "train_steps_per_second": 1.199
}