{
    "epoch": 3.0,
    "eval_bleu": 2.4604,
    "eval_chrf": 17.3653,
    "eval_gen_len": 90.5527,
    "eval_loss": 3.042656183242798,
    "eval_runtime": 1001.6572,
    "eval_samples": 997,
    "eval_samples_per_second": 0.995,
    "eval_steps_per_second": 0.125,
    "predict_bleu": 1.9952,
    "predict_chrf": 16.3671,
    "predict_gen_len": 93.9348,
    "predict_loss": 3.1089894771575928,
    "predict_runtime": 1026.0511,
    "predict_samples": 1012,
    "predict_samples_per_second": 0.986,
    "predict_steps_per_second": 0.124,
    "total_flos": 1684754523095040.0,
    "train_loss": 2.7426396484375,
    "train_runtime": 2403.7705,
    "train_samples": 8000,
    "train_samples_per_second": 9.984,
    "train_steps_per_second": 1.248
}