{
    "epoch": 3.0,
    "eval_bleu": 1.4197,
    "eval_chrf": 13.8609,
    "eval_gen_len": 97.3109,
    "eval_loss": 3.364593505859375,
    "eval_runtime": 1016.4357,
    "eval_samples": 997,
    "eval_samples_per_second": 0.981,
    "eval_steps_per_second": 0.123,
    "predict_bleu": 1.1815,
    "predict_chrf": 13.0894,
    "predict_gen_len": 100.0781,
    "predict_loss": 3.416811227798462,
    "predict_runtime": 1044.4143,
    "predict_samples": 1012,
    "predict_samples_per_second": 0.969,
    "predict_steps_per_second": 0.122,
    "total_flos": 452840209317888.0,
    "train_loss": 2.7612612711588542,
    "train_runtime": 622.7361,
    "train_samples": 2000,
    "train_samples_per_second": 9.635,
    "train_steps_per_second": 1.204
}