{
    "epoch": 3.0,
    "eval_bleu": 4.8737,
    "eval_chrf": 23.2303,
    "eval_gen_len": 66.0592,
    "eval_loss": 2.6686391830444336,
    "eval_runtime": 868.6052,
    "eval_samples": 997,
    "eval_samples_per_second": 1.148,
    "eval_steps_per_second": 0.144,
    "predict_bleu": 4.4524,
    "predict_chrf": 22.755,
    "predict_gen_len": 67.7767,
    "predict_loss": 2.7453479766845703,
    "predict_runtime": 927.6266,
    "predict_samples": 1012,
    "predict_samples_per_second": 1.091,
    "predict_steps_per_second": 0.137,
    "total_flos": 6677848178884608.0,
    "train_loss": 2.249633641560872,
    "train_runtime": 9592.0274,
    "train_samples": 32000,
    "train_samples_per_second": 10.008,
    "train_steps_per_second": 1.251
}