{
    "epoch": 3.0,
    "eval_bleu": 5.4435,
    "eval_chrf": 24.936,
    "eval_gen_len": 65.6369,
    "eval_loss": 2.7484970092773438,
    "eval_runtime": 845.0909,
    "eval_samples": 997,
    "eval_samples_per_second": 1.18,
    "eval_steps_per_second": 0.148,
    "predict_bleu": 4.74,
    "predict_chrf": 23.8555,
    "predict_gen_len": 68.3953,
    "predict_loss": 2.8257901668548584,
    "predict_runtime": 911.4074,
    "predict_samples": 1012,
    "predict_samples_per_second": 1.11,
    "predict_steps_per_second": 0.139,
    "total_flos": 3545806391672832.0,
    "train_loss": 1.8499076944986979,
    "train_runtime": 4768.6863,
    "train_samples": 16000,
    "train_samples_per_second": 10.066,
    "train_steps_per_second": 1.258
}