{
    "epoch": 3.0,
    "eval_bleu": 3.9761,
    "eval_chrf": 22.1985,
    "eval_gen_len": 74.9238,
    "eval_loss": 2.913400411605835,
    "eval_runtime": 943.0858,
    "eval_samples": 997,
    "eval_samples_per_second": 1.057,
    "eval_steps_per_second": 0.133,
    "predict_bleu": 3.6363,
    "predict_chrf": 21.6189,
    "predict_gen_len": 76.6482,
    "predict_loss": 2.9945461750030518,
    "predict_runtime": 967.4628,
    "predict_samples": 1012,
    "predict_samples_per_second": 1.046,
    "predict_steps_per_second": 0.131,
    "total_flos": 1785998941224960.0,
    "train_loss": 2.1184191080729167,
    "train_runtime": 2386.9218,
    "train_samples": 8000,
    "train_samples_per_second": 10.055,
    "train_steps_per_second": 1.257
}