{
    "epoch": 3.0,
    "eval_bleu": 18.8507,
    "eval_chrf": 46.48,
    "eval_gen_len": 42.3681,
    "eval_loss": 2.2151215076446533,
    "eval_runtime": 519.0046,
    "eval_samples": 997,
    "eval_samples_per_second": 1.921,
    "eval_steps_per_second": 0.241,
    "predict_bleu": 18.1024,
    "predict_chrf": 45.3327,
    "predict_gen_len": 43.2806,
    "predict_loss": 2.2414138317108154,
    "predict_runtime": 542.6719,
    "predict_samples": 1012,
    "predict_samples_per_second": 1.865,
    "predict_steps_per_second": 0.234,
    "total_flos": 7803117243531264.0,
    "train_loss": 2.436102584838867,
    "train_runtime": 9490.4587,
    "train_samples": 32000,
    "train_samples_per_second": 10.115,
    "train_steps_per_second": 1.264
}