{
    "epoch": 3.0,
    "eval_bleu": 5.3175,
    "eval_chrf": 23.6113,
    "eval_gen_len": 55.5807,
    "eval_loss": 3.9776809215545654,
    "eval_runtime": 732.1215,
    "eval_samples": 997,
    "eval_samples_per_second": 1.362,
    "eval_steps_per_second": 0.171,
    "predict_bleu": 5.2633,
    "predict_chrf": 22.8082,
    "predict_gen_len": 57.8982,
    "predict_loss": 4.040498733520508,
    "predict_runtime": 802.9129,
    "predict_samples": 1012,
    "predict_samples_per_second": 1.26,
    "predict_steps_per_second": 0.158,
    "total_flos": 236180540620800.0,
    "train_loss": 3.883404296875,
    "train_runtime": 304.6993,
    "train_samples": 1000,
    "train_samples_per_second": 9.846,
    "train_steps_per_second": 1.231
}