{
    "epoch": 3.0,
    "eval_bleu": 14.4263,
    "eval_chrf": 39.8721,
    "eval_gen_len": 44.4524,
    "eval_loss": 2.5538330078125,
    "eval_runtime": 573.2634,
    "eval_samples": 997,
    "eval_samples_per_second": 1.739,
    "eval_steps_per_second": 0.218,
    "predict_bleu": 13.999,
    "predict_chrf": 38.8994,
    "predict_gen_len": 46.3844,
    "predict_loss": 2.5922939777374268,
    "predict_runtime": 619.779,
    "predict_samples": 1012,
    "predict_samples_per_second": 1.633,
    "predict_steps_per_second": 0.205,
    "total_flos": 3747550285725696.0,
    "train_loss": 3.0848803100585935,
    "train_runtime": 4789.5054,
    "train_samples": 16000,
    "train_samples_per_second": 10.022,
    "train_steps_per_second": 1.253
}