{
    "epoch": 3.0,
    "eval_bleu": 11.92,
    "eval_chrf": 36.3399,
    "eval_gen_len": 45.8566,
    "eval_loss": 2.866255521774292,
    "eval_runtime": 598.5297,
    "eval_samples": 997,
    "eval_samples_per_second": 1.666,
    "eval_steps_per_second": 0.209,
    "predict_bleu": 11.654,
    "predict_chrf": 35.2402,
    "predict_gen_len": 47.7253,
    "predict_loss": 2.903456449508667,
    "predict_runtime": 664.8863,
    "predict_samples": 1012,
    "predict_samples_per_second": 1.522,
    "predict_steps_per_second": 0.191,
    "total_flos": 1893304480038912.0,
    "train_loss": 3.310855143229167,
    "train_runtime": 2394.3015,
    "train_samples": 8000,
    "train_samples_per_second": 10.024,
    "train_steps_per_second": 1.253
}