{
    "epoch": 3.0,
    "eval_bleu": 17.7392,
    "eval_chrf": 45.5728,
    "eval_gen_len": 43.2558,
    "eval_loss": 2.1635470390319824,
    "eval_runtime": 521.1829,
    "eval_samples": 997,
    "eval_samples_per_second": 1.913,
    "eval_steps_per_second": 0.24,
    "predict_bleu": 16.8078,
    "predict_chrf": 44.0274,
    "predict_gen_len": 45.247,
    "predict_loss": 2.1812071800231934,
    "predict_runtime": 579.5272,
    "predict_samples": 1012,
    "predict_samples_per_second": 1.746,
    "predict_steps_per_second": 0.219,
    "total_flos": 8786807078903808.0,
    "train_loss": 2.409782630666427,
    "train_runtime": 7987.2915,
    "train_samples": 24665,
    "train_samples_per_second": 9.264,
    "train_steps_per_second": 1.158
}