{
    "epoch": 3.0,
    "eval_bleu": 14.7245,
    "eval_chrf": 42.3338,
    "eval_gen_len": 46.1214,
    "eval_loss": 2.3248658180236816,
    "eval_runtime": 600.2694,
    "eval_samples": 997,
    "eval_samples_per_second": 1.661,
    "eval_steps_per_second": 0.208,
    "predict_bleu": 13.9095,
    "predict_chrf": 41.4214,
    "predict_gen_len": 47.1443,
    "predict_loss": 2.3487308025360107,
    "predict_runtime": 633.5719,
    "predict_samples": 1012,
    "predict_samples_per_second": 1.597,
    "predict_steps_per_second": 0.2,
    "total_flos": 6551322284605440.0,
    "train_loss": 2.4432174819292203,
    "train_runtime": 5550.0546,
    "train_samples": 16665,
    "train_samples_per_second": 9.008,
    "train_steps_per_second": 1.126
}