{
    "epoch": 3.0,
    "eval_bleu": 12.8778,
    "eval_chrf": 40.5896,
    "eval_gen_len": 46.7683,
    "eval_loss": 2.4794774055480957,
    "eval_runtime": 601.3145,
    "eval_samples": 997,
    "eval_samples_per_second": 1.658,
    "eval_steps_per_second": 0.208,
    "predict_bleu": 12.5746,
    "predict_chrf": 39.77,
    "predict_gen_len": 47.996,
    "predict_loss": 2.506959915161133,
    "predict_runtime": 637.2375,
    "predict_samples": 1012,
    "predict_samples_per_second": 1.588,
    "predict_steps_per_second": 0.199,
    "total_flos": 5369746593939456.0,
    "train_loss": 2.442388887758608,
    "train_runtime": 4294.252,
    "train_samples": 12665,
    "train_samples_per_second": 8.848,
    "train_steps_per_second": 1.107
}