{
    "epoch": 3.0,
    "eval_bleu": 13.8321,
    "eval_chrf": 39.553,
    "eval_gen_len": 44.7202,
    "eval_loss": 2.714160680770874,
    "eval_runtime": 585.6029,
    "eval_samples": 997,
    "eval_samples_per_second": 1.703,
    "eval_steps_per_second": 0.213,
    "predict_bleu": 12.8287,
    "predict_chrf": 37.6936,
    "predict_gen_len": 47.3202,
    "predict_loss": 2.758239507675171,
    "predict_runtime": 635.1571,
    "predict_samples": 1012,
    "predict_samples_per_second": 1.593,
    "predict_steps_per_second": 0.2,
    "total_flos": 1943554218000384.0,
    "train_loss": 2.8728715413411456,
    "train_runtime": 2373.715,
    "train_samples": 8000,
    "train_samples_per_second": 10.111,
    "train_steps_per_second": 1.264
}