{
    "epoch": 3.0,
    "eval_bleu": 16.3561,
    "eval_chrf": 43.2219,
    "eval_gen_len": 43.9809,
    "eval_loss": 2.419015645980835,
    "eval_runtime": 562.4165,
    "eval_samples": 997,
    "eval_samples_per_second": 1.773,
    "eval_steps_per_second": 0.222,
    "predict_bleu": 15.4818,
    "predict_chrf": 41.8843,
    "predict_gen_len": 45.413,
    "predict_loss": 2.4474968910217285,
    "predict_runtime": 611.216,
    "predict_samples": 1012,
    "predict_samples_per_second": 1.656,
    "predict_steps_per_second": 0.208,
    "total_flos": 3915822571978752.0,
    "train_loss": 2.63560883585612,
    "train_runtime": 4746.9797,
    "train_samples": 16000,
    "train_samples_per_second": 10.112,
    "train_steps_per_second": 1.264
}