{
    "epoch": 3.0,
    "eval_bleu": 8.3448,
    "eval_chrf": 29.8212,
    "eval_gen_len": 54.1956,
    "eval_loss": 3.224976062774658,
    "eval_runtime": 769.0468,
    "eval_samples": 997,
    "eval_samples_per_second": 1.296,
    "eval_steps_per_second": 0.163,
    "predict_bleu": 8.1237,
    "predict_chrf": 28.2072,
    "predict_gen_len": 56.8547,
    "predict_loss": 3.2690467834472656,
    "predict_runtime": 821.6628,
    "predict_samples": 1012,
    "predict_samples_per_second": 1.232,
    "predict_steps_per_second": 0.155,
    "total_flos": 936883338805248.0,
    "train_loss": 3.5159900716145835,
    "train_runtime": 1191.0802,
    "train_samples": 4000,
    "train_samples_per_second": 10.075,
    "train_steps_per_second": 1.259
}