{
    "epoch": 3.0,
    "eval_bleu": 10.4591,
    "eval_chrf": 36.6678,
    "eval_gen_len": 49.4313,
    "eval_loss": 2.724496603012085,
    "eval_runtime": 659.0443,
    "eval_samples": 997,
    "eval_samples_per_second": 1.513,
    "eval_steps_per_second": 0.19,
    "predict_bleu": 9.9554,
    "predict_chrf": 36.1249,
    "predict_gen_len": 50.5089,
    "predict_loss": 2.7585055828094482,
    "predict_runtime": 677.9904,
    "predict_samples": 1012,
    "predict_samples_per_second": 1.493,
    "predict_steps_per_second": 0.187,
    "total_flos": 4406419923099648.0,
    "train_loss": 2.4147713290189032,
    "train_runtime": 3353.2125,
    "train_samples": 9665,
    "train_samples_per_second": 8.647,
    "train_steps_per_second": 1.082
}