{
    "epoch": 3.0,
    "eval_bleu": 19.2746,
    "eval_chrf": 47.2898,
    "eval_gen_len": 42.6339,
    "eval_loss": 2.023740291595459,
    "eval_runtime": 507.6686,
    "eval_samples": 997,
    "eval_samples_per_second": 1.964,
    "eval_steps_per_second": 0.246,
    "predict_bleu": 18.6285,
    "predict_chrf": 46.4347,
    "predict_gen_len": 44.0494,
    "predict_loss": 2.034459114074707,
    "predict_runtime": 545.6045,
    "predict_samples": 1012,
    "predict_samples_per_second": 1.855,
    "predict_steps_per_second": 0.233,
    "total_flos": 1.2958022081716224e+16,
    "train_loss": 2.3355240860605626,
    "train_runtime": 12808.4146,
    "train_samples": 40665,
    "train_samples_per_second": 9.525,
    "train_steps_per_second": 1.191
}