{
    "epoch": 3.0,
    "eval_bleu": 7.6605,
    "eval_chrf": 28.2344,
    "eval_gen_len": 54.7482,
    "eval_loss": 3.4686949253082275,
    "eval_runtime": 800.9705,
    "eval_samples": 997,
    "eval_samples_per_second": 1.245,
    "eval_steps_per_second": 0.156,
    "predict_bleu": 7.2913,
    "predict_chrf": 27.2458,
    "predict_gen_len": 56.7115,
    "predict_loss": 3.515220880508423,
    "predict_runtime": 809.5519,
    "predict_samples": 1012,
    "predict_samples_per_second": 1.25,
    "predict_steps_per_second": 0.157,
    "total_flos": 479099422113792.0,
    "train_loss": 3.4271484375,
    "train_runtime": 601.2778,
    "train_samples": 2000,
    "train_samples_per_second": 9.979,
    "train_steps_per_second": 1.247
}