{
    "epoch": 3.0,
    "eval_bleu": 8.5945,
    "eval_chrf": 35.7502,
    "eval_gen_len": 50.2889,
    "eval_loss": 2.8970556259155273,
    "eval_runtime": 670.1809,
    "eval_samples": 997,
    "eval_samples_per_second": 1.488,
    "eval_steps_per_second": 0.187,
    "predict_bleu": 8.722,
    "predict_chrf": 35.4816,
    "predict_gen_len": 51.5,
    "predict_loss": 2.930056571960449,
    "predict_runtime": 713.1177,
    "predict_samples": 1012,
    "predict_samples_per_second": 1.419,
    "predict_steps_per_second": 0.178,
    "total_flos": 4061507448643584.0,
    "train_loss": 2.3830872801983634,
    "train_runtime": 3028.5222,
    "train_samples": 8665,
    "train_samples_per_second": 8.583,
    "train_steps_per_second": 1.074
}