{
    "epoch": 3.0,
    "eval_bleu": 16.8994,
    "eval_chrf": 43.896,
    "eval_gen_len": 42.8285,
    "eval_loss": 2.323686122894287,
    "eval_runtime": 533.9336,
    "eval_samples": 997,
    "eval_samples_per_second": 1.867,
    "eval_steps_per_second": 0.234,
    "predict_bleu": 16.6199,
    "predict_chrf": 43.4762,
    "predict_gen_len": 44.3004,
    "predict_loss": 2.3573131561279297,
    "predict_runtime": 559.9543,
    "predict_samples": 1012,
    "predict_samples_per_second": 1.807,
    "predict_steps_per_second": 0.227,
    "total_flos": 7558065118445568.0,
    "train_loss": 2.9050010579427084,
    "train_runtime": 9596.704,
    "train_samples": 32000,
    "train_samples_per_second": 10.003,
    "train_steps_per_second": 1.25
}