{
    "epoch": 3.0,
    "eval_bleu": 5.4181,
    "eval_chrf": 23.2442,
    "eval_gen_len": 55.5928,
    "eval_loss": 3.8360414505004883,
    "eval_runtime": 733.772,
    "eval_samples": 997,
    "eval_samples_per_second": 1.359,
    "eval_steps_per_second": 0.17,
    "predict_bleu": 5.7504,
    "predict_chrf": 22.7686,
    "predict_gen_len": 56.7846,
    "predict_loss": 3.874535083770752,
    "predict_runtime": 783.0664,
    "predict_samples": 1012,
    "predict_samples_per_second": 1.292,
    "predict_steps_per_second": 0.162,
    "total_flos": 244391835402240.0,
    "train_loss": 3.6570859375,
    "train_runtime": 302.2785,
    "train_samples": 1000,
    "train_samples_per_second": 9.925,
    "train_steps_per_second": 1.241
}