{
    "epoch": 3.0,
    "eval_bleu": 6.3225,
    "eval_chrf": 23.6597,
    "eval_gen_len": 61.0963,
    "eval_loss": 3.5933070182800293,
    "eval_runtime": 842.8021,
    "eval_samples": 997,
    "eval_samples_per_second": 1.183,
    "eval_steps_per_second": 0.148,
    "predict_bleu": 6.1058,
    "predict_chrf": 23.0044,
    "predict_gen_len": 62.7796,
    "predict_loss": 3.6477973461151123,
    "predict_runtime": 872.1494,
    "predict_samples": 1012,
    "predict_samples_per_second": 1.16,
    "predict_steps_per_second": 0.146,
    "total_flos": 473952548683776.0,
    "train_loss": 3.6969042154947918,
    "train_runtime": 606.1457,
    "train_samples": 2000,
    "train_samples_per_second": 9.899,
    "train_steps_per_second": 1.237
}