{
    "epoch": 3.0,
    "eval_bleu": 9.8043,
    "eval_chrf": 33.0084,
    "eval_gen_len": 48.996,
    "eval_loss": 3.0815532207489014,
    "eval_runtime": 684.6051,
    "eval_samples": 997,
    "eval_samples_per_second": 1.456,
    "eval_steps_per_second": 0.183,
    "predict_bleu": 9.8337,
    "predict_chrf": 31.8099,
    "predict_gen_len": 50.6522,
    "predict_loss": 3.1181318759918213,
    "predict_runtime": 725.5828,
    "predict_samples": 1012,
    "predict_samples_per_second": 1.395,
    "predict_steps_per_second": 0.175,
    "total_flos": 968881992695808.0,
    "train_loss": 3.150145751953125,
    "train_runtime": 1184.8377,
    "train_samples": 4000,
    "train_samples_per_second": 10.128,
    "train_steps_per_second": 1.266
}