{
    "epoch": 3.0,
    "eval_bleu": 11.4362,
    "eval_chrf": 38.6543,
    "eval_gen_len": 48.0471,
    "eval_loss": 2.604470729827881,
    "eval_runtime": 631.3331,
    "eval_samples": 997,
    "eval_samples_per_second": 1.579,
    "eval_steps_per_second": 0.198,
    "predict_bleu": 10.4317,
    "predict_chrf": 36.5733,
    "predict_gen_len": 50.6907,
    "predict_loss": 2.632131814956665,
    "predict_runtime": 706.3604,
    "predict_samples": 1012,
    "predict_samples_per_second": 1.433,
    "predict_steps_per_second": 0.18,
    "total_flos": 4736416622911488.0,
    "train_loss": 2.4224974100498007,
    "train_runtime": 3677.4507,
    "train_samples": 10665,
    "train_samples_per_second": 8.7,
    "train_steps_per_second": 1.088
}