{
    "epoch": 3.0,
    "eval_bleu": 4.2801,
    "eval_chrf": 30.0596,
    "eval_gen_len": 50.9358,
    "eval_loss": 3.082791328430176,
    "eval_runtime": 675.9883,
    "eval_samples": 997,
    "eval_samples_per_second": 1.475,
    "eval_steps_per_second": 0.185,
    "predict_bleu": 3.464,
    "predict_chrf": 29.5816,
    "predict_gen_len": 52.4625,
    "predict_loss": 3.1332669258117676,
    "predict_runtime": 699.2703,
    "predict_samples": 1012,
    "predict_samples_per_second": 1.447,
    "predict_steps_per_second": 0.182,
    "total_flos": 1734513276420096.0,
    "train_loss": 3.5056163330078123,
    "train_runtime": 2313.7846,
    "train_samples": 8000,
    "train_samples_per_second": 10.373,
    "train_steps_per_second": 1.297
}