{
    "epoch": 3.0,
    "eval_bleu": 2.7377,
    "eval_chrf": 22.8372,
    "eval_gen_len": 53.7472,
    "eval_loss": 3.782722234725952,
    "eval_runtime": 670.2906,
    "eval_samples": 997,
    "eval_samples_per_second": 1.487,
    "eval_steps_per_second": 0.186,
    "predict_bleu": 2.5838,
    "predict_chrf": 22.243,
    "predict_gen_len": 55.1621,
    "predict_loss": 3.8326833248138428,
    "predict_runtime": 720.531,
    "predict_samples": 1012,
    "predict_samples_per_second": 1.405,
    "predict_steps_per_second": 0.176,
    "total_flos": 409176437686272.0,
    "train_loss": 3.8185546875,
    "train_runtime": 584.0883,
    "train_samples": 2000,
    "train_samples_per_second": 10.272,
    "train_steps_per_second": 1.284
}