{
    "epoch": 3.0,
    "eval_bleu": 7.2992,
    "eval_chrf": 41.4763,
    "eval_gen_len": 46.3952,
    "eval_loss": 2.3766250610351562,
    "eval_runtime": 586.2603,
    "eval_samples": 997,
    "eval_samples_per_second": 1.701,
    "eval_steps_per_second": 0.213,
    "predict_bleu": 7.3328,
    "predict_chrf": 40.8084,
    "predict_gen_len": 47.4032,
    "predict_loss": 2.404179096221924,
    "predict_runtime": 605.8353,
    "predict_samples": 1012,
    "predict_samples_per_second": 1.67,
    "predict_steps_per_second": 0.21,
    "total_flos": 6743335371079680.0,
    "train_loss": 3.0826563212076823,
    "train_runtime": 9153.7064,
    "train_samples": 32000,
    "train_samples_per_second": 10.488,
    "train_steps_per_second": 1.311
}