{
    "epoch": 3.0,
    "eval_bleu": 2.8885,
    "eval_chrf": 24.2956,
    "eval_gen_len": 54.0822,
    "eval_loss": 3.7204575538635254,
    "eval_runtime": 722.2694,
    "eval_samples": 997,
    "eval_samples_per_second": 1.38,
    "eval_steps_per_second": 0.173,
    "predict_bleu": 2.5867,
    "predict_chrf": 23.9403,
    "predict_gen_len": 55.6423,
    "predict_loss": 3.7725143432617188,
    "predict_runtime": 788.9148,
    "predict_samples": 1012,
    "predict_samples_per_second": 1.283,
    "predict_steps_per_second": 0.161,
    "total_flos": 439194222526464.0,
    "train_loss": 3.6032134602864585,
    "train_runtime": 612.603,
    "train_samples": 2000,
    "train_samples_per_second": 9.794,
    "train_steps_per_second": 1.224
}