{
    "epoch": 3.0,
    "eval_bleu": 7.053,
    "eval_chrf": 41.9664,
    "eval_gen_len": 46.8676,
    "eval_loss": 2.5352602005004883,
    "eval_runtime": 556.3545,
    "eval_samples": 997,
    "eval_samples_per_second": 1.792,
    "eval_steps_per_second": 0.225,
    "predict_bleu": 7.2825,
    "predict_chrf": 41.7196,
    "predict_gen_len": 48.5593,
    "predict_loss": 2.573823928833008,
    "predict_runtime": 595.517,
    "predict_samples": 1012,
    "predict_samples_per_second": 1.699,
    "predict_steps_per_second": 0.213,
    "total_flos": 2688866779766784.0,
    "train_loss": 2.626155800141996,
    "train_runtime": 2079.6733,
    "train_samples": 5737,
    "train_samples_per_second": 8.276,
    "train_steps_per_second": 1.036
}