{
    "epoch": 3.0,
    "eval_bleu": 9.8859,
    "eval_chrf": 47.0916,
    "eval_gen_len": 45.9188,
    "eval_loss": 2.098507881164551,
    "eval_runtime": 532.5466,
    "eval_samples": 997,
    "eval_samples_per_second": 1.872,
    "eval_steps_per_second": 0.235,
    "predict_bleu": 9.9987,
    "predict_chrf": 47.1693,
    "predict_gen_len": 47.2164,
    "predict_loss": 2.123875379562378,
    "predict_runtime": 555.9608,
    "predict_samples": 1012,
    "predict_samples_per_second": 1.82,
    "predict_steps_per_second": 0.228,
    "total_flos": 7184961237344256.0,
    "train_loss": 2.6130231530285655,
    "train_runtime": 6673.3392,
    "train_samples": 21737,
    "train_samples_per_second": 9.772,
    "train_steps_per_second": 1.222
}