{
    "epoch": 3.0,
    "eval_bleu": 5.921,
    "eval_chrf": 36.9426,
    "eval_gen_len": 46.7292,
    "eval_loss": 2.7113912105560303,
    "eval_runtime": 580.3265,
    "eval_samples": 997,
    "eval_samples_per_second": 1.718,
    "eval_steps_per_second": 0.215,
    "predict_bleu": 5.4841,
    "predict_chrf": 35.9533,
    "predict_gen_len": 48.8943,
    "predict_loss": 2.7434909343719482,
    "predict_runtime": 641.4981,
    "predict_samples": 1012,
    "predict_samples_per_second": 1.578,
    "predict_steps_per_second": 0.198,
    "total_flos": 3378346769645568.0,
    "train_loss": 3.2855466105143227,
    "train_runtime": 4707.6841,
    "train_samples": 16000,
    "train_samples_per_second": 10.196,
    "train_steps_per_second": 1.275
}