{
    "epoch": 3.0,
    "eval_bleu": 8.3068,
    "eval_chrf": 43.7736,
    "eval_gen_len": 46.2227,
    "eval_loss": 2.353046178817749,
    "eval_runtime": 565.603,
    "eval_samples": 997,
    "eval_samples_per_second": 1.763,
    "eval_steps_per_second": 0.221,
    "predict_bleu": 7.9085,
    "predict_chrf": 43.2905,
    "predict_gen_len": 48.083,
    "predict_loss": 2.3916852474212646,
    "predict_runtime": 598.1636,
    "predict_samples": 1012,
    "predict_samples_per_second": 1.692,
    "predict_steps_per_second": 0.212,
    "total_flos": 3992976998227968.0,
    "train_loss": 2.6922839435646293,
    "train_runtime": 3295.5424,
    "train_samples": 9737,
    "train_samples_per_second": 8.864,
    "train_steps_per_second": 1.109
}