{
    "epoch": 3.0,
    "eval_bleu": 10.8442,
    "eval_chrf": 49.2251,
    "eval_gen_len": 44.5065,
    "eval_loss": 1.931581735610962,
    "eval_runtime": 495.4965,
    "eval_samples": 997,
    "eval_samples_per_second": 2.012,
    "eval_steps_per_second": 0.252,
    "predict_bleu": 10.8899,
    "predict_chrf": 48.944,
    "predict_gen_len": 46.2767,
    "predict_loss": 1.9675867557525635,
    "predict_runtime": 540.949,
    "predict_samples": 1012,
    "predict_samples_per_second": 1.871,
    "predict_steps_per_second": 0.235,
    "total_flos": 1.0974695991853056e+16,
    "train_loss": 2.505351406311406,
    "train_runtime": 11248.9232,
    "train_samples": 37737,
    "train_samples_per_second": 10.064,
    "train_steps_per_second": 1.258
}