{
    "epoch": 3.0,
    "eval_bleu": 7.606,
    "eval_chrf": 42.7291,
    "eval_gen_len": 46.9649,
    "eval_loss": 2.4325966835021973,
    "eval_runtime": 566.3282,
    "eval_samples": 997,
    "eval_samples_per_second": 1.76,
    "eval_steps_per_second": 0.221,
    "predict_bleu": 7.5372,
    "predict_chrf": 42.2996,
    "predict_gen_len": 48.833,
    "predict_loss": 2.467350482940674,
    "predict_runtime": 620.3308,
    "predict_samples": 1012,
    "predict_samples_per_second": 1.631,
    "predict_steps_per_second": 0.205,
    "total_flos": 3355410168397824.0,
    "train_loss": 2.66652855991332,
    "train_runtime": 2657.7704,
    "train_samples": 7737,
    "train_samples_per_second": 8.733,
    "train_steps_per_second": 1.093
}