{
    "epoch": 3.0,
    "eval_bleu": 3.7529,
    "eval_chrf": 28.1439,
    "eval_gen_len": 49.7332,
    "eval_loss": 3.3483691215515137,
    "eval_runtime": 658.374,
    "eval_samples": 997,
    "eval_samples_per_second": 1.514,
    "eval_steps_per_second": 0.19,
    "predict_bleu": 3.384,
    "predict_chrf": 27.3592,
    "predict_gen_len": 51.6087,
    "predict_loss": 3.407824993133545,
    "predict_runtime": 711.0034,
    "predict_samples": 1012,
    "predict_samples_per_second": 1.423,
    "predict_steps_per_second": 0.179,
    "total_flos": 911893913862144.0,
    "train_loss": 3.436231201171875,
    "train_runtime": 1204.8211,
    "train_samples": 4000,
    "train_samples_per_second": 9.96,
    "train_steps_per_second": 1.245
}