{
    "epoch": 3.0,
    "eval_bleu": 9.0061,
    "eval_chrf": 44.614,
    "eval_gen_len": 45.3139,
    "eval_loss": 2.2371792793273926,
    "eval_runtime": 549.8039,
    "eval_samples": 997,
    "eval_samples_per_second": 1.813,
    "eval_steps_per_second": 0.227,
    "predict_bleu": 8.6982,
    "predict_chrf": 44.371,
    "predict_gen_len": 46.6621,
    "predict_loss": 2.2735495567321777,
    "predict_runtime": 583.345,
    "predict_samples": 1012,
    "predict_samples_per_second": 1.735,
    "predict_steps_per_second": 0.218,
    "total_flos": 7092120698486784.0,
    "train_loss": 2.67492138671875,
    "train_runtime": 9257.2148,
    "train_samples": 32000,
    "train_samples_per_second": 10.37,
    "train_steps_per_second": 1.296
}