{
    "epoch": 3.0,
    "eval_bleu": 8.703,
    "eval_chrf": 44.9152,
    "eval_gen_len": 46.2808,
    "eval_loss": 2.2373406887054443,
    "eval_runtime": 525.568,
    "eval_samples": 997,
    "eval_samples_per_second": 1.897,
    "eval_steps_per_second": 0.238,
    "predict_bleu": 8.262,
    "predict_chrf": 44.2729,
    "predict_gen_len": 48.163,
    "predict_loss": 2.284423828125,
    "predict_runtime": 582.3427,
    "predict_samples": 1012,
    "predict_samples_per_second": 1.738,
    "predict_steps_per_second": 0.218,
    "total_flos": 5126228795842560.0,
    "train_loss": 2.66027265377733,
    "train_runtime": 4437.4334,
    "train_samples": 13737,
    "train_samples_per_second": 9.287,
    "train_steps_per_second": 1.161
}