{
    "epoch": 3.0,
    "eval_bleu": 6.828,
    "eval_chrf": 39.3323,
    "eval_gen_len": 47.6409,
    "eval_loss": 2.558520555496216,
    "eval_runtime": 612.7626,
    "eval_samples": 997,
    "eval_samples_per_second": 1.627,
    "eval_steps_per_second": 0.204,
    "predict_bleu": 6.6496,
    "predict_chrf": 39.2591,
    "predict_gen_len": 48.7925,
    "predict_loss": 2.601133346557617,
    "predict_runtime": 611.783,
    "predict_samples": 1012,
    "predict_samples_per_second": 1.654,
    "predict_steps_per_second": 0.208,
    "total_flos": 3551715137814528.0,
    "train_loss": 2.9193775431315103,
    "train_runtime": 4757.283,
    "train_samples": 16000,
    "train_samples_per_second": 10.09,
    "train_steps_per_second": 1.261
}