{
    "epoch": 3.0,
    "eval_bleu": 5.3249,
    "eval_chrf": 34.754,
    "eval_gen_len": 46.2387,
    "eval_loss": 2.951279878616333,
    "eval_runtime": 559.3155,
    "eval_samples": 997,
    "eval_samples_per_second": 1.783,
    "eval_steps_per_second": 0.223,
    "predict_bleu": 4.8876,
    "predict_chrf": 34.3485,
    "predict_gen_len": 48.1611,
    "predict_loss": 3.0136828422546387,
    "predict_runtime": 604.7498,
    "predict_samples": 1012,
    "predict_samples_per_second": 1.673,
    "predict_steps_per_second": 0.21,
    "total_flos": 1796038730514432.0,
    "train_loss": 3.1611649983723957,
    "train_runtime": 2373.9765,
    "train_samples": 8000,
    "train_samples_per_second": 10.11,
    "train_steps_per_second": 1.264
}