{
    "epoch": 3.0,
    "eval_bleu": 7.5784,
    "eval_chrf": 42.7323,
    "eval_gen_len": 47.5797,
    "eval_loss": 2.475965738296509,
    "eval_runtime": 593.8194,
    "eval_samples": 997,
    "eval_samples_per_second": 1.679,
    "eval_steps_per_second": 0.211,
    "predict_bleu": 6.9985,
    "predict_chrf": 41.5549,
    "predict_gen_len": 49.2016,
    "predict_loss": 2.513465642929077,
    "predict_runtime": 630.58,
    "predict_samples": 1012,
    "predict_samples_per_second": 1.605,
    "predict_steps_per_second": 0.201,
    "total_flos": 3039273202999296.0,
    "train_loss": 2.647326598010925,
    "train_runtime": 2437.9438,
    "train_samples": 6737,
    "train_samples_per_second": 8.29,
    "train_steps_per_second": 1.037
}