{
    "epoch": 3.0,
    "eval_bleu": 2.1764,
    "eval_chrf": 20.964,
    "eval_gen_len": 55.7432,
    "eval_loss": 3.958482503890991,
    "eval_runtime": 751.8154,
    "eval_samples": 997,
    "eval_samples_per_second": 1.326,
    "eval_steps_per_second": 0.166,
    "predict_bleu": 1.7597,
    "predict_chrf": 20.5157,
    "predict_gen_len": 57.0,
    "predict_loss": 3.9931867122650146,
    "predict_runtime": 790.1337,
    "predict_samples": 1012,
    "predict_samples_per_second": 1.281,
    "predict_steps_per_second": 0.161,
    "total_flos": 220790711844864.0,
    "train_loss": 3.718626627604167,
    "train_runtime": 302.9291,
    "train_samples": 1000,
    "train_samples_per_second": 9.903,
    "train_steps_per_second": 1.238
}