{
    "epoch": 3.0,
    "eval_bleu": 2.7734,
    "eval_chrf": 25.1543,
    "eval_gen_len": 54.8736,
    "eval_loss": 3.4929561614990234,
    "eval_runtime": 736.5132,
    "eval_samples": 997,
    "eval_samples_per_second": 1.354,
    "eval_steps_per_second": 0.17,
    "predict_bleu": 2.3806,
    "predict_chrf": 24.2939,
    "predict_gen_len": 55.8241,
    "predict_loss": 3.526937246322632,
    "predict_runtime": 754.1707,
    "predict_samples": 1012,
    "predict_samples_per_second": 1.342,
    "predict_steps_per_second": 0.168,
    "total_flos": 862236743565312.0,
    "train_loss": 3.6974073893229167,
    "train_runtime": 1155.8724,
    "train_samples": 4000,
    "train_samples_per_second": 10.382,
    "train_steps_per_second": 1.298
}