{
    "epoch": 3.0,
    "eval_bleu": 2.4117,
    "eval_chrf": 21.5491,
    "eval_gen_len": 53.2678,
    "eval_loss": 4.069614410400391,
    "eval_runtime": 671.8244,
    "eval_samples": 997,
    "eval_samples_per_second": 1.484,
    "eval_steps_per_second": 0.186,
    "predict_bleu": 2.0257,
    "predict_chrf": 20.5138,
    "predict_gen_len": 54.9526,
    "predict_loss": 4.1336798667907715,
    "predict_runtime": 709.2043,
    "predict_samples": 1012,
    "predict_samples_per_second": 1.427,
    "predict_steps_per_second": 0.179,
    "total_flos": 206298199818240.0,
    "train_loss": 3.98108984375,
    "train_runtime": 292.428,
    "train_samples": 1000,
    "train_samples_per_second": 10.259,
    "train_steps_per_second": 1.282
}